machine_id,date,week,month,month_name,year,assembly_line_no,total_records,failure_count,avg_spindle_speed,avg_torque,avg_vibration,avg_voltage,avg_cutting,availability,performance,quality,oee,oee_class,line_label
Makino-L1-Unit1-2013,2021-12-17,50,12,December,2021,Shopfloor-L1,2,2,27957.0,19.912322494999998,27.627,323.5,3.145,0.0,1.0,0.1599,0.0,Poor (<40%),Shopfloor-L1
Makino-L1-Unit1-2013,2021-12-24,51,12,December,2021,Shopfloor-L1,2,0,17956.0,23.055109885,24.493,361.0,2.42,1.0,0.6503,0.5212,0.3389,Poor (<40%),Shopfloor-L1
Makino-L1-Unit1-2013,2021-12-26,51,12,December,2021,Shopfloor-L1,1,0,20705.0,23.05732915,32.166,359.0,2.17,1.0,0.7498,0.3712,0.2783,Poor (<40%),Shopfloor-L1
Makino-L1-Unit1-2013,2021-12-27,52,12,December,2021,Shopfloor-L1,2,2,25522.5,23.895789785,30.0745,372.0,3.065,0.0,0.9243,0.1121,0.0,Poor (<40%),Shopfloor-L1
Makino-L1-Unit1-2013,2021-12-28,52,12,December,2021,Shopfloor-L1,2,1,20564.0,23.650897190000002,29.052500000000002,349.0,2.335,0.5,0.7447,0.282,0.105,Poor (<40%),Shopfloor-L1
Makino-L1-Unit1-2013,2021-12-30,52,12,December,2021,Shopfloor-L1,1,1,19784.0,16.96410507,26.314,423.0,2.75,0.0,0.7165,0.1856,0.0,Poor (<40%),Shopfloor-L1
Makino-L1-Unit1-2013,2021-12-31,52,12,December,2021,Shopfloor-L1,2,2,22874.0,19.129107870000002,25.883000000000003,351.5,3.13,0.0,0.8284,0.194,0.0,Poor (<40%),Shopfloor-L1
Makino-L1-Unit1-2013,2022-01-03,1,1,January,2022,Shopfloor-L1,1,1,19860.0,24.03836858,27.063,431.0,3.58,0.0,0.7192,0.1709,0.0,Poor (<40%),Shopfloor-L1
Makino-L1-Unit1-2013,2022-01-07,1,1,January,2022,Shopfloor-L1,1,1,27613.0,24.08323664,24.931,370.0,3.49,0.0,1.0,0.2126,0.0,Poor (<40%),Shopfloor-L1
Makino-L1-Unit1-2013,2022-01-08,1,1,January,2022,Shopfloor-L1,2,1,18849.0,23.488646255,26.611,338.0,2.795,0.5,0.6826,0.3298,0.1126,Poor (<40%),Shopfloor-L1
Makino-L1-Unit1-2013,2022-01-10,2,1,January,2022,Shopfloor-L1,2,1,16498.5,24.58794696,24.3305,333.5,2.41,0.5,0.5975,0.3744,0.1118,Poor (<40%),Shopfloor-L1
Makino-L1-Unit1-2013,2022-01-11,2,1,January,2022,Shopfloor-L1,1,1,26605.0,24.22253793,31.208,375.0,2.66,0.0,0.9635,0.0899,0.0,Poor (<40%),Shopfloor-L1
Makino-L1-Unit1-2013,2022-01-12,2,1,January,2022,Shopfloor-L1,1,1,19727.0,24.20043595,23.975,317.0,2.67,0.0,0.7144,0.2313,0.0,Poor (<40%),Shopfloor-L1
Makino-L1-Unit1-2013,2022-01-13,2,1,January,2022,Shopfloor-L1,3,2,20005.333333333332,23.870790079999995,18.890333333333334,381.6666666666667,2.533333333333333,0.3333,0.7245,0.4307,0.104,Poor (<40%),Shopfloor-L1
Makino-L1-Unit1-2013,2022-01-14,2,1,January,2022,Shopfloor-L1,4,1,20345.0,30.009407177499998,28.2665,390.25,2.13,0.75,0.7368,0.3724,0.2058,Poor (<40%),Shopfloor-L1
Makino-L1-Unit1-2013,2022-01-17,3,1,January,2022,Shopfloor-L1,1,1,19910.0,23.978001,28.713,268.0,3.69,0.0,0.721,0.1387,0.0,Poor (<40%),Shopfloor-L1
Makino-L1-Unit1-2013,2022-01-18,3,1,January,2022,Shopfloor-L1,2,0,18321.0,31.516653400000003,24.495,394.0,2.8899999999999997,1.0,0.6635,0.5211,0.3458,Poor (<40%),Shopfloor-L1
Makino-L1-Unit1-2013,2022-01-19,3,1,January,2022,Shopfloor-L1,2,2,19931.0,23.952798685,26.641,356.0,2.84,0.0,0.7218,0.1792,0.0,Poor (<40%),Shopfloor-L1
Makino-L1-Unit1-2013,2022-01-20,3,1,January,2022,Shopfloor-L1,2,1,21054.5,30.13231977,19.4575,351.5,2.435,0.5,0.7625,0.4696,0.179,Poor (<40%),Shopfloor-L1
Makino-L1-Unit1-2013,2022-01-21,3,1,January,2022,Shopfloor-L1,7,1,17172.0,26.176561760000002,25.527571428571427,347.14285714285717,2.5799999999999996,0.8571,0.6219,0.4581,0.2442,Poor (<40%),Shopfloor-L1
Makino-L1-Unit1-2013,2022-01-22,3,1,January,2022,Shopfloor-L1,3,2,21182.333333333332,18.328179836666667,23.468,348.6666666666667,2.4899999999999998,0.3333,0.7671,0.3412,0.0873,Poor (<40%),Shopfloor-L1
Makino-L1-Unit1-2013,2022-01-23,3,1,January,2022,Shopfloor-L1,4,2,21534.0,23.6820840775,27.75275,355.5,2.8425000000000002,0.5,0.7799,0.3075,0.1199,Poor (<40%),Shopfloor-L1
Makino-L1-Unit1-2013,2022-01-25,4,1,January,2022,Shopfloor-L1,2,1,20236.5,23.645856100000003,19.7455,366.5,2.665,0.5,0.7329,0.464,0.17,Poor (<40%),Shopfloor-L1
Makino-L1-Unit1-2013,2022-01-26,4,1,January,2022,Shopfloor-L1,5,4,19160.4,26.251606545999998,23.762,320.6,2.886,0.2,0.6939,0.2955,0.041,Poor (<40%),Shopfloor-L1
Makino-L1-Unit1-2013,2022-01-27,4,1,January,2022,Shopfloor-L1,3,2,23690.666666666668,23.74855819,26.828333333333333,340.3333333333333,3.08,0.3333,0.858,0.2755,0.0788,Poor (<40%),Shopfloor-L1
Makino-L1-Unit1-2013,2022-01-28,4,1,January,2022,Shopfloor-L1,3,0,19097.333333333332,33.440710773333336,24.092666666666663,358.3333333333333,2.186666666666667,1.0,0.6916,0.529,0.3659,Poor (<40%),Shopfloor-L1
Makino-L1-Unit1-2013,2022-01-29,4,1,January,2022,Shopfloor-L1,4,3,19185.75,23.9170592425,22.76525,337.5,3.04,0.25,0.6948,0.33,0.0573,Poor (<40%),Shopfloor-L1
Makino-L1-Unit1-2013,2022-01-30,4,1,January,2022,Shopfloor-L1,5,3,18636.0,19.06292699,31.1436,309.0,2.732,0.4,0.6749,0.2112,0.057,Poor (<40%),Shopfloor-L1
Makino-L1-Unit1-2013,2022-01-31,5,1,January,2022,Shopfloor-L1,4,3,21093.25,27.2411341125,27.9735,339.75,3.175,0.25,0.7639,0.2281,0.0436,Poor (<40%),Shopfloor-L1
Makino-L1-Unit1-2013,2022-02-01,5,2,February,2022,Shopfloor-L1,6,4,21183.0,19.48440297,26.144166666666667,332.5,2.8683333333333336,0.3333,0.7671,0.2889,0.0739,Poor (<40%),Shopfloor-L1
Makino-L1-Unit1-2013,2022-02-02,5,2,February,2022,Shopfloor-L1,1,0,20415.0,23.38486407,39.693,353.0,2.17,1.0,0.7393,0.3,0.2218,Poor (<40%),Shopfloor-L1
Makino-L1-Unit1-2013,2022-02-03,5,2,February,2022,Shopfloor-L1,2,1,21362.0,30.057666060000003,16.835,391.0,2.6750000000000003,0.5,0.7736,0.5209,0.2015,Poor (<40%),Shopfloor-L1
Makino-L1-Unit1-2013,2022-02-04,5,2,February,2022,Shopfloor-L1,6,5,24654.666666666668,25.902645726000003,29.085166666666666,344.6666666666667,3.5516666666666663,0.1667,0.8929,0.1814,0.027,Poor (<40%),Shopfloor-L1
Makino-L1-Unit1-2013,2022-02-05,5,2,February,2022,Shopfloor-L1,4,1,22125.25,29.25565599,28.127499999999998,355.0,2.8425000000000002,0.75,0.8013,0.3751,0.2254,Poor (<40%),Shopfloor-L1
Makino-L1-Unit1-2013,2022-02-06,5,2,February,2022,Shopfloor-L1,10,7,21832.8,21.260474901000002,27.6488,368.6,3.127,0.3,0.7907,0.2495,0.0592,Poor (<40%),Shopfloor-L1
Makino-L1-Unit1-2013,2022-02-07,6,2,February,2022,Shopfloor-L1,6,2,17062.833333333332,25.64010294666667,22.673000000000002,348.1666666666667,2.5749999999999997,0.6667,0.6179,0.4568,0.1882,Poor (<40%),Shopfloor-L1
Makino-L1-Unit1-2013,2022-02-08,6,2,February,2022,Shopfloor-L1,5,1,20224.0,29.284947336,24.0346,370.6,2.464,0.8,0.7324,0.4701,0.2755,Poor (<40%),Shopfloor-L1
Makino-L1-Unit1-2013,2022-02-09,6,2,February,2022,Shopfloor-L1,6,4,19569.666666666668,19.724231568333334,17.722166666666666,368.8333333333333,2.9133333333333336,0.3333,0.7087,0.4535,0.1071,Poor (<40%),Shopfloor-L1
Makino-L1-Unit1-2013,2022-02-10,6,2,February,2022,Shopfloor-L1,11,4,19639.636363636364,21.502134354545454,28.530454545454543,347.0,2.7670000000000003,0.6364,0.7112,0.3332,0.1508,Poor (<40%),Shopfloor-L1
Makino-L1-Unit1-2013,2022-02-11,6,2,February,2022,Shopfloor-L1,9,1,22312.444444444445,22.56105459777778,26.38888888888889,364.3333333333333,2.7366666666666664,0.8889,0.808,0.4508,0.3238,Poor (<40%),Shopfloor-L1
Makino-L1-Unit1-2013,2022-02-12,6,2,February,2022,Shopfloor-L1,5,3,21893.8,25.087695720000003,23.454,304.8,3.314,0.4,0.7929,0.3615,0.1146,Poor (<40%),Shopfloor-L1
Makino-L1-Unit1-2013,2022-02-13,6,2,February,2022,Shopfloor-L1,9,4,21536.333333333332,23.583374363333334,27.570888888888888,361.0,2.752222222222222,0.5556,0.7799,0.3277,0.142,Poor (<40%),Shopfloor-L1
Makino-L1-Unit1-2013,2022-02-14,7,2,February,2022,Shopfloor-L1,6,3,22064.666666666668,25.44271234,27.0125,360.0,2.558333333333333,0.5,0.7991,0.3219,0.1286,Poor (<40%),Shopfloor-L1
Makino-L1-Unit1-2013,2022-02-15,7,2,February,2022,Shopfloor-L1,10,4,19225.8,27.829403199,23.8291,364.0,2.9989999999999997,0.6,0.6963,0.4142,0.173,Poor (<40%),Shopfloor-L1
Makino-L1-Unit1-2013,2022-02-16,7,2,February,2022,Shopfloor-L1,6,3,20345.166666666668,24.909061496666666,28.703000000000003,322.3333333333333,2.6616666666666666,0.5,0.7368,0.2889,0.1064,Poor (<40%),Shopfloor-L1
Makino-L1-Unit1-2013,2022-02-17,7,2,February,2022,Shopfloor-L1,9,3,19035.777777777777,26.43261417222222,23.692999999999998,360.6666666666667,3.108888888888889,0.6667,0.6894,0.4368,0.2008,Poor (<40%),Shopfloor-L1
Makino-L1-Unit1-2013,2022-02-18,7,2,February,2022,Shopfloor-L1,6,2,17535.666666666668,25.221314210000003,24.135499999999997,340.1666666666667,3.2883333333333336,0.6667,0.6351,0.4282,0.1813,Poor (<40%),Shopfloor-L1
Makino-L1-Unit1-2013,2022-02-19,7,2,February,2022,Shopfloor-L1,2,1,16409.5,22.440517575,30.3985,408.5,2.9299999999999997,0.5,0.5943,0.2557,0.076,Poor (<40%),Shopfloor-L1
Makino-L1-Unit1-2013,2022-02-20,7,2,February,2022,Shopfloor-L1,2,2,22539.5,20.22479629,31.022000000000002,328.5,3.6799999999999997,0.0,0.8163,0.0935,0.0,Poor (<40%),Shopfloor-L1
Makino-L1-Unit1-2013,2022-02-21,8,2,February,2022,Shopfloor-L1,9,5,18637.222222222223,22.16179988111111,24.909625,340.44444444444446,3.282222222222222,0.4444,0.6749,0.3464,0.1039,Poor (<40%),Shopfloor-L1
Makino-L1-Unit1-2013,2022-02-22,8,2,February,2022,Shopfloor-L1,11,6,20634.81818181818,23.54567514909091,25.604181818181818,320.6363636363636,3.019090909090909,0.4545,0.7473,0.3358,0.1141,Poor (<40%),Shopfloor-L1
Makino-L1-Unit1-2013,2022-02-23,8,2,February,2022,Shopfloor-L1,12,5,21413.166666666668,23.258749005,25.364333333333335,350.0833333333333,2.8191666666666664,0.5833,0.7755,0.3791,0.1715,Poor (<40%),Shopfloor-L1
Makino-L1-Unit1-2013,2022-02-24,8,2,February,2022,Shopfloor-L1,5,3,18560.6,26.249886993999997,20.080750000000002,342.6,2.998,0.4,0.6722,0.4274,0.1149,Poor (<40%),Shopfloor-L1
Makino-L1-Unit1-2013,2022-02-25,8,2,February,2022,Shopfloor-L1,9,6,19677.333333333332,25.11997857888889,24.42211111111111,364.77777777777777,2.7655555555555558,0.3333,0.7126,0.3226,0.0766,Poor (<40%),Shopfloor-L1
Makino-L1-Unit1-2013,2022-02-26,8,2,February,2022,Shopfloor-L1,3,1,20840.0,22.94382652666667,26.205000000000002,362.6666666666667,2.183333333333333,0.6667,0.7547,0.3877,0.1951,Poor (<40%),Shopfloor-L1
Makino-L1-Unit1-2013,2022-02-27,8,2,February,2022,Shopfloor-L1,12,5,20844.333333333332,26.296743056666667,27.425833333333333,317.75,3.0366666666666666,0.5833,0.7549,0.3388,0.1492,Poor (<40%),Shopfloor-L1
Makino-L1-Unit1-2013,2022-02-28,9,2,February,2022,Shopfloor-L1,12,4,19303.0,26.93907756833333,25.00609090909091,352.6666666666667,3.0566666666666666,0.6667,0.6991,0.4111,0.1916,Poor (<40%),Shopfloor-L1
Makino-L1-Unit1-2013,2022-03-01,9,3,March,2022,Shopfloor-L1,16,6,20222.0625,24.364632164375,25.624533333333332,344.375,2.660625,0.625,0.7323,0.3866,0.1769,Poor (<40%),Shopfloor-L1
Makino-L1-Unit1-2013,2022-03-02,9,3,March,2022,Shopfloor-L1,16,8,20520.9375,23.753687388125,23.15875,346.6875,2.563125,0.5,0.7432,0.3973,0.1476,Poor (<40%),Shopfloor-L1
Makino-L1-Unit1-2013,2022-03-03,9,3,March,2022,Shopfloor-L1,14,8,23527.85714285714,22.680282364285716,28.29264285714286,355.35714285714283,2.642857142857143,0.4286,0.8521,0.2755,0.1006,Poor (<40%),Shopfloor-L1
Makino-L1-Unit1-2013,2022-03-04,9,3,March,2022,Shopfloor-L1,13,6,20058.846153846152,24.796896318333335,20.52076923076923,343.53846153846155,2.8423076923076924,0.5385,0.7264,0.4604,0.1801,Poor (<40%),Shopfloor-L1
Makino-L1-Unit1-2013,2022-03-05,9,3,March,2022,Shopfloor-L1,9,5,18968.666666666668,21.085539264444446,25.571111111111108,341.8888888888889,2.9566666666666666,0.4444,0.6869,0.3334,0.1018,Poor (<40%),Shopfloor-L1
Makino-L1-Unit1-2013,2022-03-06,9,3,March,2022,Shopfloor-L1,8,2,21619.0,27.9200816625,26.48275,367.875,2.66,0.75,0.7829,0.4073,0.2392,Poor (<40%),Shopfloor-L1
Makino-L1-Unit1-2013,2022-03-07,10,3,March,2022,Shopfloor-L1,10,6,19353.3,25.375596249,21.1819,369.2,2.836,0.4,0.7009,0.4059,0.1138,Poor (<40%),Shopfloor-L1
Makino-L1-Unit1-2013,2022-03-08,10,3,March,2022,Shopfloor-L1,15,6,20903.266666666666,23.565480907333335,23.98335714285714,344.4,2.5653333333333332,0.6,0.757,0.4111,0.1867,Poor (<40%),Shopfloor-L1
Makino-L1-Unit1-2013,2022-03-09,10,3,March,2022,Shopfloor-L1,6,3,20280.666666666668,29.648322678333333,24.343999999999998,349.8333333333333,2.7733333333333334,0.5,0.7345,0.3741,0.1374,Poor (<40%),Shopfloor-L1
Makino-L1-Unit1-2013,2022-03-10,10,3,March,2022,Shopfloor-L1,22,12,19977.863636363636,22.765796192727272,24.160636363636364,334.0,2.848181818181818,0.4545,0.7235,0.364,0.1197,Poor (<40%),Shopfloor-L1
Makino-L1-Unit1-2013,2022-03-11,10,3,March,2022,Shopfloor-L1,12,8,20054.333333333332,24.355533334166665,24.8165,363.0833333333333,2.5391666666666666,0.3333,0.7263,0.3149,0.0762,Poor (<40%),Shopfloor-L1
Makino-L1-Unit1-2013,2022-03-12,10,3,March,2022,Shopfloor-L1,11,4,19431.272727272728,26.174161774545453,25.93972727272727,333.27272727272725,2.6563636363636363,0.6364,0.7037,0.3838,0.1719,Poor (<40%),Shopfloor-L1
Makino-L1-Unit1-2013,2022-03-13,10,3,March,2022,Shopfloor-L1,17,8,19368.352941176472,25.78290199117647,27.26194117647059,358.88235294117646,2.6335294117647057,0.5294,0.7014,0.3259,0.121,Poor (<40%),Shopfloor-L1
Makino-L1-Unit1-2013,2022-03-14,11,3,March,2022,Shopfloor-L1,16,11,20936.266666666666,24.787396571333332,24.396375,353.375,2.844375,0.3125,0.7582,0.3168,0.0751,Poor (<40%),Shopfloor-L1
Makino-L1-Unit1-2013,2022-03-15,11,3,March,2022,Shopfloor-L1,17,6,17628.235294117647,27.621818982941175,27.09676470588235,344.47058823529414,2.536470588235294,0.6471,0.6384,0.3644,0.1505,Poor (<40%),Shopfloor-L1
Makino-L1-Unit1-2013,2022-03-16,11,3,March,2022,Shopfloor-L1,9,4,19152.11111111111,27.616706988888886,22.96966666666667,364.22222222222223,3.03,0.5556,0.6936,0.4176,0.1609,Poor (<40%),Shopfloor-L1
Makino-L1-Unit1-2013,2022-03-17,11,3,March,2022,Shopfloor-L1,12,6,21895.666666666668,24.117179884166664,25.04281818181818,347.75,2.7899999999999996,0.5,0.7929,0.3604,0.1429,Poor (<40%),Shopfloor-L1
Makino-L1-Unit1-2013,2022-03-18,11,3,March,2022,Shopfloor-L1,4,2,17935.5,22.7242941225,28.73275,335.0,2.3975,0.5,0.6495,0.2883,0.0936,Poor (<40%),Shopfloor-L1
Makino-L1-Unit1-2013,2022-03-19,11,3,March,2022,Shopfloor-L1,15,9,14785.733333333334,27.890383932666666,27.257333333333335,349.14285714285717,2.6093333333333333,0.4,0.5355,0.2871,0.0615,Poor (<40%),Shopfloor-L1
Makino-L1-Unit1-2013,2022-03-20,11,3,March,2022,Shopfloor-L1,11,8,23819.0,27.409773310000002,24.790090909090907,332.8181818181818,2.9145454545454546,0.2727,0.8626,0.2972,0.0699,Poor (<40%),Shopfloor-L1
Makino-L1-Unit1-2013,2022-03-21,12,3,March,2022,Shopfloor-L1,9,6,18785.777777777777,25.32697423,24.916,338.0,2.951111111111111,0.3333,0.6803,0.3129,0.071,Poor (<40%),Shopfloor-L1
Makino-L1-Unit1-2013,2022-03-22,12,3,March,2022,Shopfloor-L1,16,9,19186.6875,27.150847778125,26.097,361.5,2.893125,0.4375,0.6948,0.3211,0.0976,Poor (<40%),Shopfloor-L1
Makino-L1-Unit1-2013,2022-03-23,12,3,March,2022,Shopfloor-L1,12,9,21159.25,27.702795180833334,25.355583333333332,339.5,2.9791666666666665,0.25,0.7663,0.2793,0.0535,Poor (<40%),Shopfloor-L1
Makino-L1-Unit1-2013,2022-03-24,12,3,March,2022,Shopfloor-L1,10,4,20882.6,25.734211917,26.7738,326.1,2.589,0.6,0.7563,0.3566,0.1618,Poor (<40%),Shopfloor-L1
Makino-L1-Unit1-2013,2022-03-25,12,3,March,2022,Shopfloor-L1,13,5,17054.615384615383,29.259180950833336,23.86676923076923,340.6923076923077,2.81,0.6154,0.6176,0.418,0.1589,Poor (<40%),Shopfloor-L1
Makino-L1-Unit1-2013,2022-03-26,12,3,March,2022,Shopfloor-L1,7,7,22155.285714285714,27.896433845714284,24.478,338.57142857142856,2.66,0.0,0.8023,0.2215,0.0,Poor (<40%),Shopfloor-L1
Makino-L1-Unit1-2013,2022-03-27,12,3,March,2022,Shopfloor-L1,10,7,21163.7,27.127097513333336,26.2827,347.6,3.325,0.3,0.7664,0.2762,0.0635,Poor (<40%),Shopfloor-L1
Makino-L1-Unit1-2013,2022-03-28,13,3,March,2022,Shopfloor-L1,10,4,20352.8,26.229130056000002,23.7133,358.2,2.864,0.6,0.7371,0.4164,0.1842,Poor (<40%),Shopfloor-L1
Makino-L1-Unit1-2013,2022-03-29,13,3,March,2022,Shopfloor-L1,11,5,23055.727272727272,23.152910279090907,28.51581818181818,354.6363636363636,2.8354545454545454,0.5455,0.835,0.3062,0.1394,Poor (<40%),Shopfloor-L1
Makino-L1-Unit1-2013,2022-03-30,13,3,March,2022,Shopfloor-L1,11,6,19566.18181818182,19.535316033636363,25.60172727272727,365.90909090909093,2.5045454545454544,0.4545,0.7086,0.3359,0.1082,Poor (<40%),Shopfloor-L1
Makino-L1-Unit1-2013,2022-03-31,13,3,March,2022,Shopfloor-L1,6,4,22408.0,24.843365918333333,24.572666666666667,382.8333333333333,3.3233333333333337,0.3333,0.8115,0.3196,0.0865,Poor (<40%),Shopfloor-L1
Makino-L1-Unit1-2013,2022-04-01,13,4,April,2022,Shopfloor-L1,7,5,22023.285714285714,26.196554595714286,22.467285714285715,354.2857142857143,3.027142857142857,0.2857,0.7976,0.3465,0.079,Poor (<40%),Shopfloor-L1
Makino-L1-Unit1-2013,2022-04-02,13,4,April,2022,Shopfloor-L1,11,9,20605.727272727272,24.90500878090909,22.98890909090909,354.1818181818182,2.9872727272727273,0.1818,0.7462,0.3051,0.0414,Poor (<40%),Shopfloor-L1
Makino-L1-Unit1-2013,2022-04-03,13,4,April,2022,Shopfloor-L1,7,6,22958.0,22.239098634285714,26.503714285714285,369.2857142857143,2.707142857142857,0.1429,0.8314,0.2247,0.0267,Poor (<40%),Shopfloor-L1
Makino-L1-Unit1-2013,2022-04-04,14,4,April,2022,Shopfloor-L1,11,4,20739.272727272728,24.466424034545454,28.275363636363636,354.0,2.673636363636364,0.6364,0.7511,0.3381,0.1616,Poor (<40%),Shopfloor-L1
Makino-L1-Unit1-2013,2022-04-05,14,4,April,2022,Shopfloor-L1,14,9,22260.571428571428,24.229527436428572,24.165357142857143,344.2857142857143,2.8328571428571427,0.3571,0.8062,0.3347,0.0964,Poor (<40%),Shopfloor-L1
Makino-L1-Unit1-2013,2022-04-06,14,4,April,2022,Shopfloor-L1,9,2,19432.555555555555,24.516160894444443,25.031,332.8888888888889,2.4066666666666667,0.7778,0.7037,0.444,0.243,Poor (<40%),Shopfloor-L1
Makino-L1-Unit1-2013,2022-04-07,14,4,April,2022,Shopfloor-L1,16,6,22264.625,24.78702595875,30.457,374.125,2.47625,0.625,0.8063,0.2921,0.1472,Poor (<40%),Shopfloor-L1
Makino-L1-Unit1-2013,2022-04-08,14,4,April,2022,Shopfloor-L1,7,6,24001.14285714286,21.61159411857143,24.395857142857146,360.85714285714283,2.7971428571428576,0.1429,0.8692,0.2659,0.033,Poor (<40%),Shopfloor-L1
Makino-L1-Unit1-2013,2022-04-09,14,4,April,2022,Shopfloor-L1,4,3,20701.5,22.7047218325,14.32075,351.5,3.2625,0.25,0.7497,0.495,0.0928,Poor (<40%),Shopfloor-L1
Makino-L1-Unit1-2013,2022-04-10,14,4,April,2022,Shopfloor-L1,11,7,19098.090909090908,24.070142393636363,24.98781818181818,360.09090909090907,2.930909090909091,0.3636,0.6916,0.3206,0.0806,Poor (<40%),Shopfloor-L1
Makino-L1-Unit1-2013,2022-04-11,15,4,April,2022,Shopfloor-L1,7,4,18293.285714285714,23.802710551428568,23.023285714285716,342.2857142857143,2.4057142857142857,0.4286,0.6625,0.3785,0.1075,Poor (<40%),Shopfloor-L1
Makino-L1-Unit1-2013,2022-04-12,15,4,April,2022,Shopfloor-L1,8,5,21090.25,24.688230284285712,22.657375000000002,344.375,2.58375,0.375,0.7638,0.3696,0.1058,Poor (<40%),Shopfloor-L1
Makino-L1-Unit1-2013,2022-04-13,15,4,April,2022,Shopfloor-L1,10,5,20349.5,28.624100724999998,23.0824,366.4,2.5439999999999996,0.5,0.737,0.3988,0.1469,Poor (<40%),Shopfloor-L1
Makino-L1-Unit1-2013,2022-04-14,15,4,April,2022,Shopfloor-L1,8,4,22796.875,25.0196369325,26.519125,368.875,2.26375,0.5,0.8256,0.3316,0.1369,Poor (<40%),Shopfloor-L1
Makino-L1-Unit1-2013,2022-04-15,15,4,April,2022,Shopfloor-L1,4,3,18851.25,20.3591903825,27.792,351.0,2.6325000000000003,0.25,0.6827,0.2317,0.0395,Poor (<40%),Shopfloor-L1
Makino-L1-Unit1-2013,2022-04-16,15,4,April,2022,Shopfloor-L1,9,7,21408.333333333332,23.91731145875,25.14011111111111,330.6666666666667,2.5244444444444443,0.2222,0.7753,0.2752,0.0474,Poor (<40%),Shopfloor-L1
Makino-L1-Unit1-2013,2022-04-17,15,4,April,2022,Shopfloor-L1,5,1,15658.2,31.425071482,23.9594,342.6,2.83,0.8,0.5671,0.4716,0.2139,Poor (<40%),Shopfloor-L1
Makino-L1-Unit1-2013,2022-04-18,16,4,April,2022,Shopfloor-L1,3,1,19221.0,27.51585661333333,25.016666666666666,296.6666666666667,2.85,0.6667,0.6961,0.4109,0.1907,Poor (<40%),Shopfloor-L1
Makino-L1-Unit1-2013,2022-04-19,16,4,April,2022,Shopfloor-L1,6,3,17544.5,30.340160158333333,25.56866666666667,323.0,2.223333333333333,0.5,0.6354,0.3502,0.1112,Poor (<40%),Shopfloor-L1
Makino-L1-Unit1-2013,2022-04-20,16,4,April,2022,Shopfloor-L1,4,2,19696.75,27.741804755,20.131249999999998,336.75,2.5025,0.5,0.7133,0.4564,0.1628,Poor (<40%),Shopfloor-L1
Makino-L1-Unit1-2013,2022-04-21,16,4,April,2022,Shopfloor-L1,6,2,21569.666666666668,23.008072673333334,25.482166666666668,356.3333333333333,2.73,0.6667,0.7811,0.4018,0.2093,Poor (<40%),Shopfloor-L1
Makino-L1-Unit1-2013,2022-04-22,16,4,April,2022,Shopfloor-L1,6,4,21730.5,24.894184235,23.60383333333333,340.1666666666667,2.5483333333333333,0.3333,0.787,0.3386,0.0888,Poor (<40%),Shopfloor-L1
Makino-L1-Unit1-2013,2022-04-24,16,4,April,2022,Shopfloor-L1,4,2,20415.75,22.163092565,22.223,362.25,2.7675,0.5,0.7394,0.4156,0.1536,Poor (<40%),Shopfloor-L1
Makino-L1-Unit1-2013,2022-04-25,17,4,April,2022,Shopfloor-L1,4,3,22757.5,27.81129232,25.0715,399.5,3.2725,0.25,0.8242,0.2849,0.0587,Poor (<40%),Shopfloor-L1
Makino-L1-Unit1-2013,2022-04-26,17,4,April,2022,Shopfloor-L1,3,2,24886.333333333332,28.24797497333334,24.326333333333334,368.6666666666667,3.09,0.3333,0.9013,0.3244,0.0975,Poor (<40%),Shopfloor-L1
Makino-L1-Unit1-2013,2022-04-27,17,4,April,2022,Shopfloor-L1,1,1,18617.0,25.64333674,31.916,390.0,2.72,0.0,0.6742,0.0761,0.0,Poor (<40%),Shopfloor-L1
Makino-L1-Unit1-2013,2022-04-28,17,4,April,2022,Shopfloor-L1,2,1,23473.5,24.513420410000002,17.8135,376.5,2.19,0.5,0.8501,0.5018,0.2133,Poor (<40%),Shopfloor-L1
Makino-L1-Unit1-2013,2022-04-30,17,4,April,2022,Shopfloor-L1,7,3,17840.428571428572,22.562386707142856,27.98757142857143,351.2857142857143,2.4199999999999995,0.5714,0.6461,0.3243,0.1197,Poor (<40%),Shopfloor-L1
Makino-L1-Unit1-2013,2022-05-01,17,5,May,2022,Shopfloor-L1,6,2,22666.5,24.082569366666664,22.528666666666666,299.5,2.6599999999999997,0.6667,0.8209,0.4596,0.2515,Poor (<40%),Shopfloor-L1
Makino-L1-Unit1-2013,2022-05-02,18,5,May,2022,Shopfloor-L1,1,0,20765.0,22.99070551,27.272,231.0,2.75,1.0,0.752,0.4669,0.3511,Poor (<40%),Shopfloor-L1
Makino-L1-Unit1-2013,2022-05-03,18,5,May,2022,Shopfloor-L1,1,0,14152.0,23.0073253,28.393,325.0,2.68,1.0,0.5125,0.4449,0.228,Poor (<40%),Shopfloor-L1
Makino-L1-Unit1-2013,2022-05-04,18,5,May,2022,Shopfloor-L1,2,1,22088.0,15.90071615,20.7325,329.0,3.215,0.5,0.7999,0.4447,0.1779,Poor (<40%),Shopfloor-L1
Makino-L1-Unit1-2013,2022-05-05,18,5,May,2022,Shopfloor-L1,1,1,23432.0,14.20288973,26.288,337.0,2.69,0.0,0.8486,0.1861,0.0,Poor (<40%),Shopfloor-L1
Makino-L1-Unit1-2013,2022-05-06,18,5,May,2022,Shopfloor-L1,4,1,20595.5,28.2456672425,26.63675,324.25,2.57,0.75,0.7459,0.4043,0.2261,Poor (<40%),Shopfloor-L1
Makino-L1-Unit1-2013,2022-05-07,18,5,May,2022,Shopfloor-L1,4,1,22233.0,26.138057869999997,22.69625,356.75,2.7175,0.75,0.8052,0.4813,0.2906,Poor (<40%),Shopfloor-L1
Makino-L1-Unit1-2013,2022-05-08,18,5,May,2022,Shopfloor-L1,2,0,16962.0,28.445421564999997,31.0355,326.0,2.8099999999999996,1.0,0.6143,0.3933,0.2416,Poor (<40%),Shopfloor-L1
Makino-L1-Unit1-2013,2022-05-09,19,5,May,2022,Shopfloor-L1,1,1,23432.0,17.89931102,28.606,329.0,3.61,0.0,0.8486,0.1408,0.0,Poor (<40%),Shopfloor-L1
Makino-L1-Unit1-2013,2022-05-10,19,5,May,2022,Shopfloor-L1,3,2,21898.666666666668,24.84857381666667,25.849666666666668,365.6666666666667,3.143333333333333,0.3333,0.7931,0.2947,0.0779,Poor (<40%),Shopfloor-L1
Makino-L1-Unit1-2013,2022-05-11,19,5,May,2022,Shopfloor-L1,2,2,18431.0,25.902143465,22.4015,410.5,2.61,0.0,0.6675,0.2621,0.0,Poor (<40%),Shopfloor-L1
Makino-L1-Unit1-2013,2022-05-12,19,5,May,2022,Shopfloor-L1,1,0,17726.0,23.10643241,25.067,341.0,2.11,1.0,0.6419,0.51,0.3274,Poor (<40%),Shopfloor-L1
Makino-L1-Unit1-2013,2022-05-13,19,5,May,2022,Shopfloor-L1,1,1,20801.0,25.79993515,23.725,297.0,3.61,0.0,0.7533,0.2362,0.0,Poor (<40%),Shopfloor-L1
Makino-L1-Unit1-2013,2022-05-14,19,5,May,2022,Shopfloor-L1,3,1,21651.666666666668,28.55798813,26.229333333333333,386.0,2.0766666666666667,0.6667,0.7841,0.3872,0.2024,Poor (<40%),Shopfloor-L1
Makino-L1-Unit1-2013,2022-05-15,19,5,May,2022,Shopfloor-L1,1,1,18490.0,15.90071615,25.55,285.0,2.69,0.0,0.6696,0.2005,0.0,Poor (<40%),Shopfloor-L1
Makino-L1-Unit1-2013,2022-05-17,20,5,May,2022,Shopfloor-L1,1,0,18436.0,32.51929855,36.167,349.0,2.82,1.0,0.6677,0.3,0.2003,Poor (<40%),Shopfloor-L1
Makino-L1-Unit1-2013,2022-05-18,20,5,May,2022,Shopfloor-L1,1,1,18484.0,15.90071615,35.203,308.0,3.93,0.0,0.6694,0.0118,0.0,Poor (<40%),Shopfloor-L1
Makino-L1-Unit1-2013,2022-05-19,20,5,May,2022,Shopfloor-L1,2,0,19571.5,23.050650275,28.869500000000002,383.0,1.93,1.0,0.7088,0.4356,0.3088,Poor (<40%),Shopfloor-L1
Makino-L1-Unit1-2013,2022-05-21,20,5,May,2022,Shopfloor-L1,1,0,19197.0,32.37045571,22.487,298.0,3.03,1.0,0.6952,0.5604,0.3896,Poor (<40%),Shopfloor-L1
Makino-L1-Unit1-2013,2022-05-24,21,5,May,2022,Shopfloor-L1,1,0,20698.0,23.06512707,29.742,350.0,1.91,1.0,0.7496,0.4186,0.3137,Poor (<40%),Shopfloor-L1
Makino-L1-Unit1-2013,2022-05-25,21,5,May,2022,Shopfloor-L1,1,1,18464.0,25.85582756,29.618,324.0,3.93,0.0,0.6687,0.121,0.0,Poor (<40%),Shopfloor-L1
Makino-L1-Unit1-2013,2022-05-27,21,5,May,2022,Shopfloor-L1,1,0,18436.0,31.62033518,24.163,319.0,2.02,1.0,0.6677,0.5276,0.3523,Poor (<40%),Shopfloor-L1
Makino-L1-Unit1-2013,2022-06-09,23,6,June,2022,Shopfloor-L1,1,0,14266.0,32.37045571,22.003,371.0,2.11,1.0,0.5166,0.5699,0.2944,Poor (<40%),Shopfloor-L1
Makino-L1-Unit1-2013,2022-06-19,24,6,June,2022,Shopfloor-L1,1,1,20504.0,25.86563363,24.345,417.0,2.44,0.0,0.7425,0.2241,0.0,Poor (<40%),Shopfloor-L1
Makino-L1-Unit1-2013,2022-07-03,26,7,July,2022,Shopfloor-L1,1,1,19151.0,16.44955444,30.986,291.0,2.57,0.0,0.6936,0.0942,0.0,Poor (<40%),Shopfloor-L1
Makino-L2-Unit1-2015,2021-12-08,49,12,December,2021,Shopfloor-L2,1,0,15217.0,23.09190287,35.214,381.0,2.87,1.0,0.5511,0.3116,0.1717,Poor (<40%),Shopfloor-L2
Makino-L2-Unit1-2015,2021-12-17,50,12,December,2021,Shopfloor-L2,1,0,17726.0,31.62033518,29.198,367.0,2.97,1.0,0.6419,0.4292,0.2755,Poor (<40%),Shopfloor-L2
Makino-L2-Unit1-2015,2021-12-21,51,12,December,2021,Shopfloor-L2,2,2,27069.5,16.041922185,31.738,381.5,2.8449999999999998,0.0,0.9803,0.0795,0.0,Poor (<40%),Shopfloor-L2
Makino-L2-Unit1-2015,2021-12-22,51,12,December,2021,Shopfloor-L2,1,0,20694.0,23.06958539,22.389,317.0,2.77,1.0,0.7494,0.5623,0.4214,Needs Improvement (40–64%),Shopfloor-L2
Makino-L2-Unit1-2015,2021-12-28,52,12,December,2021,Shopfloor-L2,1,1,21951.0,24.19552988,19.791,266.0,2.58,0.0,0.795,0.3131,0.0,Poor (<40%),Shopfloor-L2
Makino-L2-Unit1-2015,2022-01-06,1,1,January,2022,Shopfloor-L2,3,2,19863.666666666668,20.314321403333334,20.22,325.3333333333333,3.1166666666666667,0.3333,0.7194,0.4047,0.097,Poor (<40%),Shopfloor-L2
Makino-L2-Unit1-2015,2022-01-07,1,1,January,2022,Shopfloor-L2,3,0,14895.666666666666,33.13679248666667,27.807333333333332,370.0,2.2133333333333334,1.0,0.5394,0.4564,0.2462,Poor (<40%),Shopfloor-L2
Makino-L2-Unit1-2015,2022-01-08,1,1,January,2022,Shopfloor-L2,2,2,23196.5,24.077866335,29.314,345.0,3.58,0.0,0.8401,0.1269,0.0,Poor (<40%),Shopfloor-L2
Makino-L2-Unit1-2015,2022-01-09,1,1,January,2022,Shopfloor-L2,4,2,20387.25,19.76175258,26.9905,361.0,3.005,0.5,0.7383,0.3224,0.119,Poor (<40%),Shopfloor-L2
Makino-L2-Unit1-2015,2022-01-12,2,1,January,2022,Shopfloor-L2,2,0,20460.5,23.332863234999998,31.7855,394.0,2.87,1.0,0.741,0.3786,0.2805,Poor (<40%),Shopfloor-L2
Makino-L2-Unit1-2015,2022-01-13,2,1,January,2022,Shopfloor-L2,2,2,19810.0,24.099308389999997,29.019,345.5,2.8499999999999996,0.0,0.7174,0.1327,0.0,Poor (<40%),Shopfloor-L2
Makino-L2-Unit1-2015,2022-01-14,2,1,January,2022,Shopfloor-L2,2,2,20001.5,15.78464687,30.4055,322.0,2.795,0.0,0.7244,0.1056,0.0,Poor (<40%),Shopfloor-L2
Makino-L2-Unit1-2015,2022-01-15,2,1,January,2022,Shopfloor-L2,1,1,20504.0,15.1197393,25.249,375.0,2.74,0.0,0.7425,0.2064,0.0,Poor (<40%),Shopfloor-L2
Makino-L2-Unit1-2015,2022-01-16,2,1,January,2022,Shopfloor-L2,3,1,20027.333333333332,23.354750203333335,23.798333333333332,381.3333333333333,2.74,0.6667,0.7253,0.4348,0.2102,Poor (<40%),Shopfloor-L2
Makino-L2-Unit1-2015,2022-01-17,3,1,January,2022,Shopfloor-L2,1,0,20438.0,30.51400825,26.676,372.0,1.91,1.0,0.7402,0.4785,0.3542,Poor (<40%),Shopfloor-L2
Makino-L2-Unit1-2015,2022-01-19,3,1,January,2022,Shopfloor-L2,1,1,19947.0,23.93352384,27.502,357.0,2.68,0.0,0.7224,0.1624,0.0,Poor (<40%),Shopfloor-L2
Makino-L2-Unit1-2015,2022-01-20,3,1,January,2022,Shopfloor-L2,5,1,17071.6,30.955242232,29.449,336.2,2.146,0.8,0.6182,0.3643,0.1802,Poor (<40%),Shopfloor-L2
Makino-L2-Unit1-2015,2022-01-23,3,1,January,2022,Shopfloor-L2,2,0,21118.5,22.605870555000003,19.535,312.5,2.865,1.0,0.7648,0.6181,0.4727,Needs Improvement (40–64%),Shopfloor-L2
Makino-L2-Unit1-2015,2022-01-24,4,1,January,2022,Shopfloor-L2,3,0,18481.333333333332,25.922352283333336,20.83566666666667,322.3333333333333,2.6166666666666667,1.0,0.6693,0.5927,0.3967,Poor (<40%),Shopfloor-L2
Makino-L2-Unit1-2015,2022-01-25,4,1,January,2022,Shopfloor-L2,4,2,20154.25,23.73777649,26.6485,385.0,2.8475,0.5,0.7299,0.329,0.1201,Poor (<40%),Shopfloor-L2
Makino-L2-Unit1-2015,2022-01-26,4,1,January,2022,Shopfloor-L2,2,1,16752.0,28.593014525,30.713,335.5,2.795,0.5,0.6067,0.2496,0.0757,Poor (<40%),Shopfloor-L2
Makino-L2-Unit1-2015,2022-01-27,4,1,January,2022,Shopfloor-L2,4,1,20132.75,28.255294725000002,27.69625,333.0,2.2824999999999998,0.75,0.7291,0.3836,0.2097,Poor (<40%),Shopfloor-L2
Makino-L2-Unit1-2015,2022-01-28,4,1,January,2022,Shopfloor-L2,4,1,16809.75,31.56960471,27.04675,356.5,2.2575,0.75,0.6088,0.3963,0.1809,Poor (<40%),Shopfloor-L2
Makino-L2-Unit1-2015,2022-01-29,4,1,January,2022,Shopfloor-L2,3,0,15324.666666666666,22.866706793333332,28.506333333333334,383.6666666666667,1.9633333333333336,1.0,0.555,0.4427,0.2457,Poor (<40%),Shopfloor-L2
Makino-L2-Unit1-2015,2022-01-30,4,1,January,2022,Shopfloor-L2,7,4,17267.0,20.297614030000002,23.414571428571428,337.0,2.6385714285714283,0.4286,0.6253,0.3708,0.0994,Poor (<40%),Shopfloor-L2
Makino-L2-Unit1-2015,2022-01-31,5,1,January,2022,Shopfloor-L2,1,0,14152.0,33.92336502,37.604,308.0,3.0,1.0,0.5125,0.3,0.1538,Poor (<40%),Shopfloor-L2
Makino-L2-Unit1-2015,2022-02-01,5,2,February,2022,Shopfloor-L2,5,3,23946.0,20.774803456,23.1588,369.8,3.4274999999999998,0.4,0.8672,0.3673,0.1274,Poor (<40%),Shopfloor-L2
Makino-L2-Unit1-2015,2022-02-02,5,2,February,2022,Shopfloor-L2,4,2,23819.5,21.09576466,24.86425,388.0,3.12,0.5,0.8626,0.3639,0.157,Poor (<40%),Shopfloor-L2
Makino-L2-Unit1-2015,2022-02-03,5,2,February,2022,Shopfloor-L2,5,1,21085.8,28.500810281999996,24.6066,378.0,2.524,0.8,0.7636,0.459,0.2804,Poor (<40%),Shopfloor-L2
Makino-L2-Unit1-2015,2022-02-04,5,2,February,2022,Shopfloor-L2,5,1,17379.2,25.515042445,27.2036,324.6,2.636,0.8,0.6294,0.4082,0.2055,Poor (<40%),Shopfloor-L2
Makino-L2-Unit1-2015,2022-02-05,5,2,February,2022,Shopfloor-L2,9,5,22509.0,21.91093684666667,25.54788888888889,363.1111111111111,2.695555555555556,0.4444,0.8152,0.3339,0.121,Poor (<40%),Shopfloor-L2
Makino-L2-Unit1-2015,2022-02-06,5,2,February,2022,Shopfloor-L2,4,1,19985.5,25.92835067,26.63025,324.25,2.5025,0.75,0.7238,0.4044,0.2195,Poor (<40%),Shopfloor-L2
Makino-L2-Unit1-2015,2022-02-07,6,2,February,2022,Shopfloor-L2,6,3,17680.0,23.237517975,25.635333333333335,360.5,2.655,0.5,0.6403,0.3488,0.1117,Poor (<40%),Shopfloor-L2
Makino-L2-Unit1-2015,2022-02-08,6,2,February,2022,Shopfloor-L2,6,3,19375.166666666668,29.360153911666668,23.631,350.6666666666667,2.83,0.5,0.7017,0.388,0.1361,Poor (<40%),Shopfloor-L2
Makino-L2-Unit1-2015,2022-02-09,6,2,February,2022,Shopfloor-L2,3,2,22219.666666666668,23.91522910333333,22.108,354.0,3.4033333333333338,0.3333,0.8047,0.3678,0.0987,Poor (<40%),Shopfloor-L2
Makino-L2-Unit1-2015,2022-02-10,6,2,February,2022,Shopfloor-L2,7,4,21122.428571428572,21.64266295285714,27.994714285714284,325.2857142857143,3.024285714285714,0.4286,0.7649,0.2813,0.0922,Poor (<40%),Shopfloor-L2
Makino-L2-Unit1-2015,2022-02-11,6,2,February,2022,Shopfloor-L2,5,2,21741.0,23.821458804,26.5462,335.4,2.988,0.6,0.7873,0.361,0.1706,Poor (<40%),Shopfloor-L2
Makino-L2-Unit1-2015,2022-02-12,6,2,February,2022,Shopfloor-L2,7,5,22204.285714285714,23.14601591285714,28.393,344.0,3.427142857142857,0.2857,0.8041,0.2307,0.053,Poor (<40%),Shopfloor-L2
Makino-L2-Unit1-2015,2022-02-13,6,2,February,2022,Shopfloor-L2,4,2,21353.5,22.483056310000002,24.721,320.25,2.8449999999999998,0.5,0.7733,0.3667,0.1418,Poor (<40%),Shopfloor-L2
Makino-L2-Unit1-2015,2022-02-14,7,2,February,2022,Shopfloor-L2,10,6,21849.6,22.995169609,23.2986,334.4,2.63,0.4,0.7913,0.3645,0.1154,Poor (<40%),Shopfloor-L2
Makino-L2-Unit1-2015,2022-02-15,7,2,February,2022,Shopfloor-L2,6,4,20206.333333333332,26.974322498333333,24.720166666666668,343.1666666666667,2.9899999999999998,0.3333,0.7318,0.3167,0.0773,Poor (<40%),Shopfloor-L2
Makino-L2-Unit1-2015,2022-02-16,7,2,February,2022,Shopfloor-L2,3,2,23209.0,27.096827333333334,20.734666666666666,325.6666666666667,3.17,0.3333,0.8405,0.3947,0.1106,Poor (<40%),Shopfloor-L2
Makino-L2-Unit1-2015,2022-02-17,7,2,February,2022,Shopfloor-L2,7,3,19080.85714285714,29.044160911428573,23.07242857142857,344.85714285714283,2.85,0.5714,0.691,0.4204,0.166,Poor (<40%),Shopfloor-L2
Makino-L2-Unit1-2015,2022-02-18,7,2,February,2022,Shopfloor-L2,7,4,22274.166666666668,27.686176014285714,24.181,346.85714285714283,3.334285714285714,0.4286,0.8067,0.3559,0.123,Poor (<40%),Shopfloor-L2
Makino-L2-Unit1-2015,2022-02-19,7,2,February,2022,Shopfloor-L2,9,3,18069.0,20.66690574625,26.536125,349.8888888888889,2.43,0.6667,0.6544,0.3812,0.1663,Poor (<40%),Shopfloor-L2
Makino-L2-Unit1-2015,2022-02-20,7,2,February,2022,Shopfloor-L2,12,5,21149.25,24.983788096666668,24.41281818181818,339.4166666666667,2.9483333333333337,0.5833,0.7659,0.3977,0.1777,Poor (<40%),Shopfloor-L2
Makino-L2-Unit1-2015,2022-02-21,8,2,February,2022,Shopfloor-L2,8,3,17781.5,25.35531380875,25.130875,361.75,3.02875,0.625,0.644,0.3962,0.1595,Poor (<40%),Shopfloor-L2
Makino-L2-Unit1-2015,2022-02-22,8,2,February,2022,Shopfloor-L2,6,4,20243.0,22.609853548333334,26.721166666666665,355.8333333333333,2.9466666666666668,0.3333,0.7331,0.2776,0.0678,Poor (<40%),Shopfloor-L2
Makino-L2-Unit1-2015,2022-02-23,8,2,February,2022,Shopfloor-L2,4,3,22328.0,24.1492579525,24.1615,316.75,3.3425000000000002,0.25,0.8086,0.3027,0.0612,Poor (<40%),Shopfloor-L2
Makino-L2-Unit1-2015,2022-02-24,8,2,February,2022,Shopfloor-L2,12,6,20182.0,28.007070303333336,25.981416666666664,370.3333333333333,3.0733333333333337,0.5,0.7309,0.3421,0.125,Poor (<40%),Shopfloor-L2
Makino-L2-Unit1-2015,2022-02-25,8,2,February,2022,Shopfloor-L2,7,4,20000.714285714286,23.642021709999998,24.819142857142857,322.2857142857143,3.064285714285714,0.4286,0.7243,0.3434,0.1066,Poor (<40%),Shopfloor-L2
Makino-L2-Unit1-2015,2022-02-26,8,2,February,2022,Shopfloor-L2,8,6,20275.0,23.57788904,22.862000000000002,350.375,2.82375,0.25,0.7343,0.3281,0.0602,Poor (<40%),Shopfloor-L2
Makino-L2-Unit1-2015,2022-02-27,8,2,February,2022,Shopfloor-L2,10,3,19953.8,27.285883327,23.738400000000002,366.6,2.892,0.7,0.7226,0.4459,0.2256,Poor (<40%),Shopfloor-L2
Makino-L2-Unit1-2015,2022-02-28,9,2,February,2022,Shopfloor-L2,5,3,20720.0,23.101348752,19.2014,343.4,3.2980000000000005,0.4,0.7504,0.4446,0.1335,Poor (<40%),Shopfloor-L2
Makino-L2-Unit1-2015,2022-03-01,9,3,March,2022,Shopfloor-L2,15,7,20882.466666666667,21.396124913999998,25.5092,348.1333333333333,2.686,0.5333,0.7563,0.3613,0.1457,Poor (<40%),Shopfloor-L2
Makino-L2-Unit1-2015,2022-03-02,9,3,March,2022,Shopfloor-L2,13,7,19961.076923076922,25.046370483076924,24.278076923076924,357.2307692307692,2.9953846153846153,0.4615,0.7229,0.3638,0.1214,Poor (<40%),Shopfloor-L2
Makino-L2-Unit1-2015,2022-03-03,9,3,March,2022,Shopfloor-L2,8,5,21303.875,23.527600266249998,26.11725,362.125,2.8762499999999998,0.375,0.7715,0.3019,0.0874,Poor (<40%),Shopfloor-L2
Makino-L2-Unit1-2015,2022-03-04,9,3,March,2022,Shopfloor-L2,7,2,18584.0,24.81495902142857,28.08385714285714,338.14285714285717,2.5157142857142856,0.7143,0.673,0.3653,0.1756,Poor (<40%),Shopfloor-L2
Makino-L2-Unit1-2015,2022-03-05,9,3,March,2022,Shopfloor-L2,13,6,19909.384615384617,25.40371415153846,25.485846153846158,352.3076923076923,2.6407692307692305,0.5385,0.721,0.3633,0.1411,Poor (<40%),Shopfloor-L2
Makino-L2-Unit1-2015,2022-03-06,9,3,March,2022,Shopfloor-L2,13,6,21692.153846153848,25.514064476923075,27.223,332.0769230769231,2.5907692307692307,0.5385,0.7856,0.3293,0.1393,Poor (<40%),Shopfloor-L2
Makino-L2-Unit1-2015,2022-03-07,10,3,March,2022,Shopfloor-L2,7,3,19358.714285714286,31.00611879857143,24.790142857142857,336.42857142857144,2.8728571428571428,0.5714,0.7011,0.3868,0.155,Poor (<40%),Shopfloor-L2
Makino-L2-Unit1-2015,2022-03-08,10,3,March,2022,Shopfloor-L2,7,2,21364.714285714286,25.950495332857145,26.21457142857143,304.2857142857143,2.7028571428571433,0.7143,0.7737,0.4018,0.2221,Poor (<40%),Shopfloor-L2
Makino-L2-Unit1-2015,2022-03-09,10,3,March,2022,Shopfloor-L2,12,7,21364.416666666668,24.92796728416667,26.171363636363637,343.3,2.8249999999999997,0.4167,0.7737,0.3134,0.101,Poor (<40%),Shopfloor-L2
Makino-L2-Unit1-2015,2022-03-10,10,3,March,2022,Shopfloor-L2,7,2,19200.285714285714,26.147356754285713,25.170142857142856,369.6666666666667,2.5542857142857143,0.7143,0.6953,0.4222,0.2097,Poor (<40%),Shopfloor-L2
Makino-L2-Unit1-2015,2022-03-11,10,3,March,2022,Shopfloor-L2,9,6,21844.88888888889,26.032609504444444,24.669,351.77777777777777,2.9444444444444446,0.3333,0.7911,0.3177,0.0838,Poor (<40%),Shopfloor-L2
Makino-L2-Unit1-2015,2022-03-12,10,3,March,2022,Shopfloor-L2,16,6,19841.25,24.0752412725,25.0295,329.9375,2.6731249999999998,0.625,0.7185,0.3982,0.1788,Poor (<40%),Shopfloor-L2
Makino-L2-Unit1-2015,2022-03-13,10,3,March,2022,Shopfloor-L2,11,6,19884.0,24.773251297272726,22.607363636363633,356.27272727272725,3.1018181818181816,0.4545,0.7201,0.3944,0.1291,Poor (<40%),Shopfloor-L2
Makino-L2-Unit1-2015,2022-03-14,11,3,March,2022,Shopfloor-L2,7,6,22399.428571428572,22.614271,27.041714285714285,369.42857142857144,3.1185714285714288,0.1429,0.8112,0.2142,0.0248,Poor (<40%),Shopfloor-L2
Makino-L2-Unit1-2015,2022-03-15,11,3,March,2022,Shopfloor-L2,27,12,17448.962962962964,27.88432149346154,24.22637037037037,361.2962962962963,2.7825925925925925,0.5556,0.6319,0.3931,0.138,Poor (<40%),Shopfloor-L2
Makino-L2-Unit1-2015,2022-03-16,11,3,March,2022,Shopfloor-L2,3,2,20063.0,30.441181643333334,24.331999999999997,356.6666666666667,3.11,0.3333,0.7266,0.3243,0.0785,Poor (<40%),Shopfloor-L2
Makino-L2-Unit1-2015,2022-03-17,11,3,March,2022,Shopfloor-L2,11,4,21031.909090909092,22.82353689,23.037999999999997,339.27272727272725,3.0181818181818185,0.6364,0.7617,0.4405,0.2135,Poor (<40%),Shopfloor-L2
Makino-L2-Unit1-2015,2022-03-18,11,3,March,2022,Shopfloor-L2,12,4,17311.75,29.768756615,25.300416666666667,346.75,2.0858333333333334,0.6667,0.6269,0.4054,0.1694,Poor (<40%),Shopfloor-L2
Makino-L2-Unit1-2015,2022-03-19,11,3,March,2022,Shopfloor-L2,14,8,20046.0,26.573423356428574,24.597285714285714,331.35714285714283,2.6221428571428573,0.4286,0.726,0.3477,0.1082,Poor (<40%),Shopfloor-L2
Makino-L2-Unit1-2015,2022-03-20,11,3,March,2022,Shopfloor-L2,11,3,24412.11111111111,26.916708824545456,27.801363636363636,322.27272727272725,2.5818181818181816,0.7273,0.8841,0.3747,0.2409,Poor (<40%),Shopfloor-L2
Makino-L2-Unit1-2015,2022-03-21,12,3,March,2022,Shopfloor-L2,11,6,21289.18181818182,25.46390995727273,26.807000000000002,380.54545454545456,2.9909090909090907,0.4545,0.771,0.3123,0.1094,Poor (<40%),Shopfloor-L2
Makino-L2-Unit1-2015,2022-03-22,12,3,March,2022,Shopfloor-L2,14,7,19843.785714285714,29.438807570714285,25.96092857142857,349.2142857142857,2.7707142857142855,0.5,0.7186,0.3425,0.1231,Poor (<40%),Shopfloor-L2
Makino-L2-Unit1-2015,2022-03-23,12,3,March,2022,Shopfloor-L2,15,9,22040.933333333334,27.092214481333333,22.6448,326.8,2.796,0.4,0.7982,0.3773,0.1205,Poor (<40%),Shopfloor-L2
Makino-L2-Unit1-2015,2022-03-24,12,3,March,2022,Shopfloor-L2,8,6,23607.875,28.964861045,28.69325,368.625,2.90625,0.25,0.855,0.2141,0.0458,Poor (<40%),Shopfloor-L2
Makino-L2-Unit1-2015,2022-03-25,12,3,March,2022,Shopfloor-L2,13,6,20273.46153846154,30.183356510000003,27.947,354.3076923076923,2.6876923076923074,0.5385,0.7342,0.3152,0.1246,Poor (<40%),Shopfloor-L2
Makino-L2-Unit1-2015,2022-03-26,12,3,March,2022,Shopfloor-L2,9,5,21227.777777777777,28.24633176888889,28.01211111111111,355.44444444444446,2.5655555555555556,0.4444,0.7688,0.2857,0.0976,Poor (<40%),Shopfloor-L2
Makino-L2-Unit1-2015,2022-03-27,12,3,March,2022,Shopfloor-L2,7,4,20623.285714285714,25.508338687142857,23.885142857142856,375.85714285714283,2.755714285714286,0.4286,0.7469,0.3616,0.1158,Poor (<40%),Shopfloor-L2
Makino-L2-Unit1-2015,2022-03-28,13,3,March,2022,Shopfloor-L2,9,5,19149.0,24.836439676666668,25.88122222222222,317.3333333333333,2.7955555555555556,0.4444,0.6935,0.3274,0.1009,Poor (<40%),Shopfloor-L2
Makino-L2-Unit1-2015,2022-03-29,13,3,March,2022,Shopfloor-L2,9,5,24090.0,21.74511217111111,25.822875,346.8888888888889,3.101111111111111,0.4444,0.8724,0.3285,0.1274,Poor (<40%),Shopfloor-L2
Makino-L2-Unit1-2015,2022-03-30,13,3,March,2022,Shopfloor-L2,9,3,19171.777777777777,21.497272183333333,26.323555555555558,364.22222222222223,2.408888888888889,0.6667,0.6943,0.3854,0.1784,Poor (<40%),Shopfloor-L2
Makino-L2-Unit1-2015,2022-03-31,13,3,March,2022,Shopfloor-L2,10,7,21384.7,24.917905738,26.871499999999997,338.5,3.211,0.3,0.7744,0.2647,0.0615,Poor (<40%),Shopfloor-L2
Makino-L2-Unit1-2015,2022-04-01,13,4,April,2022,Shopfloor-L2,10,8,22131.222222222223,22.668940850000002,26.441222222222223,323.4,3.522222222222222,0.2,0.8015,0.2431,0.039,Poor (<40%),Shopfloor-L2
Makino-L2-Unit1-2015,2022-04-02,13,4,April,2022,Shopfloor-L2,13,6,19990.0,26.81798584076923,28.393307692307694,321.6923076923077,2.8592307692307695,0.5385,0.7239,0.3065,0.1195,Poor (<40%),Shopfloor-L2
Makino-L2-Unit1-2015,2022-04-03,13,4,April,2022,Shopfloor-L2,6,2,18556.666666666668,28.439580831666664,24.607,357.5,2.5783333333333336,0.6667,0.672,0.419,0.1877,Poor (<40%),Shopfloor-L2
Makino-L2-Unit1-2015,2022-04-04,14,4,April,2022,Shopfloor-L2,8,4,20224.625,22.325074895,23.229625,362.0,2.3575,0.5,0.7324,0.3959,0.145,Poor (<40%),Shopfloor-L2
Makino-L2-Unit1-2015,2022-04-05,14,4,April,2022,Shopfloor-L2,12,8,22060.333333333332,21.594890142500002,26.560083333333335,341.8333333333333,2.920833333333333,0.3333,0.7989,0.2808,0.0748,Poor (<40%),Shopfloor-L2
Makino-L2-Unit1-2015,2022-04-06,14,4,April,2022,Shopfloor-L2,11,4,18201.454545454544,20.966851025454545,26.762090909090908,347.45454545454544,2.501818181818182,0.6364,0.6592,0.3677,0.1543,Poor (<40%),Shopfloor-L2
Makino-L2-Unit1-2015,2022-04-07,14,4,April,2022,Shopfloor-L2,6,6,20235.833333333332,20.438607471666668,26.0615,366.6666666666667,3.6166666666666667,0.0,0.7328,0.1905,0.0,Poor (<40%),Shopfloor-L2
Makino-L2-Unit1-2015,2022-04-08,14,4,April,2022,Shopfloor-L2,1,0,20953.0,31.62033518,32.291,350.0,3.0,1.0,0.7588,0.3687,0.2798,Poor (<40%),Shopfloor-L2
Makino-L2-Unit1-2015,2022-04-09,14,4,April,2022,Shopfloor-L2,5,2,21490.0,26.507358591999996,26.2154,391.4,2.5420000000000003,0.6,0.7783,0.3675,0.1716,Poor (<40%),Shopfloor-L2
Makino-L2-Unit1-2015,2022-04-10,14,4,April,2022,Shopfloor-L2,8,4,21433.625,21.607000371428573,19.985500000000002,357.0,2.63375,0.5,0.7762,0.4593,0.1783,Poor (<40%),Shopfloor-L2
Makino-L2-Unit1-2015,2022-04-11,15,4,April,2022,Shopfloor-L2,7,3,17708.85714285714,24.22279703285714,22.837142857142858,354.7142857142857,2.357142857142857,0.5714,0.6413,0.425,0.1557,Poor (<40%),Shopfloor-L2
Makino-L2-Unit1-2015,2022-04-12,15,4,April,2022,Shopfloor-L2,7,4,21472.14285714286,24.68107439857143,27.079428571428572,349.14285714285717,2.412857142857143,0.4286,0.7776,0.2992,0.0997,Poor (<40%),Shopfloor-L2
Makino-L2-Unit1-2015,2022-04-13,15,4,April,2022,Shopfloor-L2,9,7,19108.333333333332,25.387584565555557,19.816222222222223,371.55555555555554,2.4788888888888887,0.2222,0.692,0.3793,0.0583,Poor (<40%),Shopfloor-L2
Makino-L2-Unit1-2015,2022-04-14,15,4,April,2022,Shopfloor-L2,1,0,20886.0,34.97300419,33.087,388.0,2.11,1.0,0.7564,0.3532,0.2671,Poor (<40%),Shopfloor-L2
Makino-L2-Unit1-2015,2022-04-15,15,4,April,2022,Shopfloor-L2,8,2,17848.75,27.56510372125,22.528,327.625,2.32375,0.75,0.6464,0.4846,0.2349,Poor (<40%),Shopfloor-L2
Makino-L2-Unit1-2015,2022-04-16,15,4,April,2022,Shopfloor-L2,6,3,19192.833333333332,25.89010505,29.404333333333337,333.0,2.4116666666666666,0.5,0.6951,0.2752,0.0956,Poor (<40%),Shopfloor-L2
Makino-L2-Unit1-2015,2022-04-17,15,4,April,2022,Shopfloor-L2,7,1,17190.85714285714,32.57689999714286,26.049285714285713,337.14285714285717,3.117142857142857,0.8571,0.6226,0.4479,0.239,Poor (<40%),Shopfloor-L2
Makino-L2-Unit1-2015,2022-04-18,16,4,April,2022,Shopfloor-L2,7,3,19108.714285714286,25.795263795714284,24.317857142857143,348.7142857142857,2.8000000000000003,0.5714,0.692,0.396,0.1566,Poor (<40%),Shopfloor-L2
Makino-L2-Unit1-2015,2022-04-19,16,4,April,2022,Shopfloor-L2,3,2,21926.333333333332,25.085963133333333,26.552333333333333,368.0,2.6799999999999997,0.3333,0.7941,0.2809,0.0744,Poor (<40%),Shopfloor-L2
Makino-L2-Unit1-2015,2022-04-20,16,4,April,2022,Shopfloor-L2,5,3,18690.4,26.354297876000004,27.615,335.4,2.468,0.4,0.6769,0.2801,0.0758,Poor (<40%),Shopfloor-L2
Makino-L2-Unit1-2015,2022-04-21,16,4,April,2022,Shopfloor-L2,1,1,25528.0,15.90071615,21.862,420.0,2.63,0.0,0.9245,0.2726,0.0,Poor (<40%),Shopfloor-L2
Makino-L2-Unit1-2015,2022-04-22,16,4,April,2022,Shopfloor-L2,4,2,20109.0,24.48522155,26.61575,356.25,2.75,0.5,0.7282,0.3297,0.12,Poor (<40%),Shopfloor-L2
Makino-L2-Unit1-2015,2022-04-23,16,4,April,2022,Shopfloor-L2,4,0,20585.75,33.17192032,22.405250000000002,369.5,2.91,1.0,0.7455,0.562,0.419,Needs Improvement (40–64%),Shopfloor-L2
Makino-L2-Unit1-2015,2022-04-24,16,4,April,2022,Shopfloor-L2,4,0,20586.25,30.929929440000002,24.1965,367.5,2.4675,1.0,0.7455,0.527,0.3929,Poor (<40%),Shopfloor-L2
Makino-L2-Unit1-2015,2022-04-25,17,4,April,2022,Shopfloor-L2,5,3,22395.6,26.593292738000002,21.646,319.4,2.852,0.4,0.8111,0.3968,0.1287,Poor (<40%),Shopfloor-L2
Makino-L2-Unit1-2015,2022-04-26,17,4,April,2022,Shopfloor-L2,1,0,20441.0,23.35511961,18.979,393.0,2.69,1.0,0.7403,0.629,0.4656,Needs Improvement (40–64%),Shopfloor-L2
Makino-L2-Unit1-2015,2022-04-27,17,4,April,2022,Shopfloor-L2,4,4,20346.75,25.6388611925,20.46525,322.75,2.8425000000000002,0.0,0.7369,0.2999,0.0,Poor (<40%),Shopfloor-L2
Makino-L2-Unit1-2015,2022-04-28,17,4,April,2022,Shopfloor-L2,4,1,21965.0,23.947996737500002,26.5605,349.5,2.4425,0.75,0.7955,0.4058,0.2421,Poor (<40%),Shopfloor-L2
Makino-L2-Unit1-2015,2022-04-29,17,4,April,2022,Shopfloor-L2,5,3,22450.4,19.140944226,27.432800000000004,334.6,3.3259999999999996,0.4,0.813,0.2837,0.0923,Poor (<40%),Shopfloor-L2
Makino-L2-Unit1-2015,2022-04-30,17,4,April,2022,Shopfloor-L2,3,1,17776.0,21.023997259999998,25.38033333333333,358.3333333333333,2.61,0.6667,0.6438,0.4038,0.1733,Poor (<40%),Shopfloor-L2
Makino-L2-Unit1-2015,2022-05-01,17,5,May,2022,Shopfloor-L2,3,2,20801.0,17.297205469999998,21.182666666666666,338.6666666666667,3.0966666666666662,0.3333,0.7533,0.3859,0.0969,Poor (<40%),Shopfloor-L2
Makino-L2-Unit1-2015,2022-05-02,18,5,May,2022,Shopfloor-L2,2,0,20691.0,23.073225385,22.5505,317.0,2.505,1.0,0.7493,0.5592,0.419,Needs Improvement (40–64%),Shopfloor-L2
Makino-L2-Unit1-2015,2022-05-03,18,5,May,2022,Shopfloor-L2,2,0,19245.0,27.263645635,18.8075,337.0,2.835,1.0,0.697,0.6323,0.4407,Needs Improvement (40–64%),Shopfloor-L2
Makino-L2-Unit1-2015,2022-05-04,18,5,May,2022,Shopfloor-L2,5,4,21568.0,17.382413437999997,28.062599999999996,330.0,3.094,0.2,0.7811,0.2114,0.033,Poor (<40%),Shopfloor-L2
Makino-L2-Unit1-2015,2022-05-05,18,5,May,2022,Shopfloor-L2,2,0,17697.5,29.302595015,25.0435,359.0,2.975,1.0,0.6409,0.5104,0.3271,Poor (<40%),Shopfloor-L2
Makino-L2-Unit1-2015,2022-05-06,18,5,May,2022,Shopfloor-L2,1,1,27957.0,25.92885075,26.293,399.0,3.93,0.0,1.0,0.186,0.0,Poor (<40%),Shopfloor-L2
Makino-L2-Unit1-2015,2022-05-07,18,5,May,2022,Shopfloor-L2,1,0,20802.0,22.94981252,27.86,352.0,2.89,1.0,0.7533,0.4554,0.343,Poor (<40%),Shopfloor-L2
Makino-L2-Unit1-2015,2022-05-09,19,5,May,2022,Shopfloor-L2,1,0,16198.0,22.96858311,34.036,357.0,1.86,1.0,0.5866,0.3346,0.1963,Poor (<40%),Shopfloor-L2
Makino-L2-Unit1-2015,2022-05-10,19,5,May,2022,Shopfloor-L2,4,3,21817.25,27.5572239125,34.36775,322.0,3.0533333333333332,0.25,0.7901,0.1031,0.0204,Poor (<40%),Shopfloor-L2
Makino-L2-Unit1-2015,2022-05-11,19,5,May,2022,Shopfloor-L2,2,0,20707.0,32.78103937,32.1405,316.0,2.885,1.0,0.7499,0.3717,0.2787,Poor (<40%),Shopfloor-L2
Makino-L2-Unit1-2015,2022-05-12,19,5,May,2022,Shopfloor-L2,2,0,20657.5,27.797787205000002,31.222,331.0,2.58,1.0,0.7481,0.3896,0.2915,Poor (<40%),Shopfloor-L2
Makino-L2-Unit1-2015,2022-05-13,19,5,May,2022,Shopfloor-L2,1,1,23432.0,25.8041187,23.535,373.0,3.67,0.0,0.8486,0.2399,0.0,Poor (<40%),Shopfloor-L2
Makino-L2-Unit1-2015,2022-05-14,19,5,May,2022,Shopfloor-L2,3,2,22438.0,22.24910948666667,19.918333333333333,295.0,2.766666666666667,0.3333,0.8126,0.4106,0.1112,Poor (<40%),Shopfloor-L2
Makino-L2-Unit1-2015,2022-05-15,19,5,May,2022,Shopfloor-L2,3,1,20637.666666666668,29.001259843333333,25.036333333333335,334.3333333333333,2.49,0.6667,0.7474,0.4106,0.2046,Poor (<40%),Shopfloor-L2
Makino-L2-Unit1-2015,2022-05-16,20,5,May,2022,Shopfloor-L2,2,0,19908.5,23.15125363,22.143,346.0,1.99,1.0,0.721,0.5671,0.4089,Needs Improvement (40–64%),Shopfloor-L2
Makino-L2-Unit1-2015,2022-05-18,20,5,May,2022,Shopfloor-L2,3,2,16745.333333333332,23.27880676,27.107333333333333,342.3333333333333,3.3066666666666666,0.3333,0.6064,0.2701,0.0546,Poor (<40%),Shopfloor-L2
Makino-L2-Unit1-2015,2022-05-19,20,5,May,2022,Shopfloor-L2,2,1,23659.0,24.439534865,24.368000000000002,326.0,2.8150000000000004,0.5,0.8568,0.3736,0.1601,Poor (<40%),Shopfloor-L2
Makino-L2-Unit1-2015,2022-05-25,21,5,May,2022,Shopfloor-L2,2,2,18467.0,25.85162723,26.8845,332.0,3.54,0.0,0.6688,0.1744,0.0,Poor (<40%),Shopfloor-L2
Makino-L2-Unit1-2015,2022-05-26,21,5,May,2022,Shopfloor-L2,1,0,20692.0,,25.455,344.0,2.02,1.0,0.7494,0.5024,0.3765,Poor (<40%),Shopfloor-L2
Makino-L2-Unit1-2015,2022-05-31,22,5,May,2022,Shopfloor-L2,1,1,18461.0,25.86002925,30.791,360.0,3.55,0.0,0.6686,0.0981,0.0,Poor (<40%),Shopfloor-L2
Makino-L2-Unit1-2015,2022-06-01,22,6,June,2022,Shopfloor-L2,1,1,21951.0,15.90071615,25.308,451.0,3.58,0.0,0.795,0.2052,0.0,Poor (<40%),Shopfloor-L2
Makino-L2-Unit1-2015,2022-06-04,22,6,June,2022,Shopfloor-L2,1,1,18460.0,17.89931102,21.352,387.0,2.46,0.0,0.6685,0.2826,0.0,Poor (<40%),Shopfloor-L2
Makino-L2-Unit1-2015,2022-06-13,24,6,June,2022,Shopfloor-L2,1,1,18458.0,15.90071615,30.389,347.0,2.5,0.0,0.6685,0.1059,0.0,Poor (<40%),Shopfloor-L2
Makino-L2-Unit1-2015,2022-06-19,24,6,June,2022,Shopfloor-L2,1,0,13272.0,34.97300419,21.42,415.0,3.0,1.0,0.4806,0.5813,0.2794,Poor (<40%),Shopfloor-L2
Makino-L3-Unit1-2015,2021-11-24,47,11,November,2021,Shopfloor-L3,1,1,0.0,29.00552889,24.067,328.0,2.26,0.0,0.0,0.2295,0.0,Poor (<40%),Shopfloor-L3
Makino-L3-Unit1-2015,2021-12-27,52,12,December,2021,Shopfloor-L3,1,1,26526.0,23.89040685,34.677,335.0,2.85,0.0,0.9606,0.0221,0.0,Poor (<40%),Shopfloor-L3
Makino-L3-Unit1-2015,2021-12-28,52,12,December,2021,Shopfloor-L3,1,0,20671.0,34.97300419,31.434,359.0,2.9,1.0,0.7486,0.3855,0.2886,Poor (<40%),Shopfloor-L3
Makino-L3-Unit1-2015,2021-12-29,52,12,December,2021,Shopfloor-L3,2,0,16234.5,23.248729115,29.013,359.0,2.3,1.0,0.5879,0.4328,0.2545,Poor (<40%),Shopfloor-L3
Makino-L3-Unit1-2015,2021-12-30,52,12,December,2021,Shopfloor-L3,1,0,14152.0,23.13778898,21.132,390.0,2.92,1.0,0.5125,0.5869,0.3008,Poor (<40%),Shopfloor-L3
Makino-L3-Unit1-2015,2021-12-31,52,12,December,2021,Shopfloor-L3,1,1,19851.0,24.04926704,30.608,325.0,3.55,0.0,0.7189,0.1016,0.0,Poor (<40%),Shopfloor-L3
Makino-L3-Unit1-2015,2022-01-05,1,1,January,2022,Shopfloor-L3,1,0,20651.0,23.11762142,25.382,319.0,2.17,1.0,0.7479,0.5038,0.3768,Poor (<40%),Shopfloor-L3
Makino-L3-Unit1-2015,2022-01-06,1,1,January,2022,Shopfloor-L3,1,1,27957.0,16.44955444,16.835,309.0,3.93,0.0,1.0,0.3709,0.0,Poor (<40%),Shopfloor-L3
Makino-L3-Unit1-2015,2022-01-07,1,1,January,2022,Shopfloor-L3,1,0,17726.0,23.033967,22.476,409.0,3.0,1.0,0.6419,0.5606,0.3599,Poor (<40%),Shopfloor-L3
Makino-L3-Unit1-2015,2022-01-09,1,1,January,2022,Shopfloor-L3,1,1,27613.0,16.96410507,18.976,315.0,2.94,0.0,1.0,0.329,0.0,Poor (<40%),Shopfloor-L3
Makino-L3-Unit1-2015,2022-01-10,2,1,January,2022,Shopfloor-L3,1,0,20747.0,23.01065214,22.487,341.0,3.0,1.0,0.7513,0.5604,0.4211,Needs Improvement (40–64%),Shopfloor-L3
Makino-L3-Unit1-2015,2022-01-11,2,1,January,2022,Shopfloor-L3,2,1,20634.0,23.604103594999998,25.424500000000002,388.5,2.81,0.5,0.7473,0.353,0.1319,Poor (<40%),Shopfloor-L3
Makino-L3-Unit1-2015,2022-01-12,2,1,January,2022,Shopfloor-L3,2,2,22476.5,24.18643321,27.267000000000003,322.0,2.62,0.0,0.814,0.167,0.0,Poor (<40%),Shopfloor-L3
Makino-L3-Unit1-2015,2022-01-13,2,1,January,2022,Shopfloor-L3,1,1,19763.0,24.15635278,23.993,341.0,2.91,0.0,0.7157,0.231,0.0,Poor (<40%),Shopfloor-L3
Makino-L3-Unit1-2015,2022-01-14,2,1,January,2022,Shopfloor-L3,1,1,19990.0,14.20288973,12.992,361.0,2.92,0.0,0.7239,0.446,0.0,Poor (<40%),Shopfloor-L3
Makino-L3-Unit1-2015,2022-01-16,2,1,January,2022,Shopfloor-L3,3,2,21370.0,17.305578530000002,22.842666666666663,331.6666666666667,2.813333333333333,0.3333,0.7739,0.3534,0.0912,Poor (<40%),Shopfloor-L3
Makino-L3-Unit1-2015,2022-01-18,3,1,January,2022,Shopfloor-L3,1,1,17919.0,23.978001,29.898,322.0,3.49,0.0,0.6489,0.1155,0.0,Poor (<40%),Shopfloor-L3
Makino-L3-Unit1-2015,2022-01-19,3,1,January,2022,Shopfloor-L3,3,2,18375.666666666668,25.49305416,21.094666666666665,378.0,2.8333333333333335,0.3333,0.6655,0.3876,0.086,Poor (<40%),Shopfloor-L3
Makino-L3-Unit1-2015,2022-01-21,3,1,January,2022,Shopfloor-L3,4,2,18643.25,24.8527952425,23.3355,366.0,3.0075000000000003,0.5,0.6752,0.3938,0.1329,Poor (<40%),Shopfloor-L3
Makino-L3-Unit1-2015,2022-01-22,3,1,January,2022,Shopfloor-L3,4,1,22464.0,21.4572415525,28.43175,362.0,2.385,0.75,0.8135,0.3692,0.2253,Poor (<40%),Shopfloor-L3
Makino-L3-Unit1-2015,2022-01-24,4,1,January,2022,Shopfloor-L3,6,3,18991.666666666668,26.751386381666666,25.052833333333336,326.5,2.668333333333333,0.5,0.6878,0.3602,0.1239,Poor (<40%),Shopfloor-L3
Makino-L3-Unit1-2015,2022-01-25,4,1,January,2022,Shopfloor-L3,1,0,21211.0,33.35511961,24.802,365.0,3.06,1.0,0.7682,0.5151,0.3957,Poor (<40%),Shopfloor-L3
Makino-L3-Unit1-2015,2022-01-26,4,1,January,2022,Shopfloor-L3,5,2,17600.4,29.371829784,29.363800000000005,338.2,3.102,0.6,0.6374,0.306,0.117,Poor (<40%),Shopfloor-L3
Makino-L3-Unit1-2015,2022-01-27,4,1,January,2022,Shopfloor-L3,1,0,18436.0,31.62033518,11.396,449.0,2.88,1.0,0.6677,0.7772,0.5189,Needs Improvement (40–64%),Shopfloor-L3
Makino-L3-Unit1-2015,2022-01-28,4,1,January,2022,Shopfloor-L3,5,1,19775.2,33.095022038,27.052999999999997,407.4,2.436,0.8,0.7162,0.4111,0.2355,Poor (<40%),Shopfloor-L3
Makino-L3-Unit1-2015,2022-01-29,4,1,January,2022,Shopfloor-L3,3,2,22830.666666666668,21.196697233333335,27.747666666666664,358.6666666666667,2.793333333333333,0.3333,0.8268,0.2576,0.071,Poor (<40%),Shopfloor-L3
Makino-L3-Unit1-2015,2022-01-30,4,1,January,2022,Shopfloor-L3,5,3,21104.4,22.489396482,24.091,330.8,2.742,0.4,0.7643,0.349,0.1067,Poor (<40%),Shopfloor-L3
Makino-L3-Unit1-2015,2022-01-31,5,1,January,2022,Shopfloor-L3,5,4,20016.4,21.253106018,28.727600000000002,360.8,2.782,0.2,0.7249,0.1984,0.0288,Poor (<40%),Shopfloor-L3
Makino-L3-Unit1-2015,2022-02-01,5,2,February,2022,Shopfloor-L3,4,2,20649.25,21.6068219675,27.7115,338.75,3.0075,0.5,0.7478,0.3083,0.1153,Poor (<40%),Shopfloor-L3
Makino-L3-Unit1-2015,2022-02-02,5,2,February,2022,Shopfloor-L3,4,2,23496.5,22.941615065,33.082,351.0,3.265,0.5,0.8509,0.2033,0.0865,Poor (<40%),Shopfloor-L3
Makino-L3-Unit1-2015,2022-02-03,5,2,February,2022,Shopfloor-L3,6,3,21174.166666666668,25.444783336666664,27.751666666666665,343.0,3.233333333333333,0.5,0.7668,0.3075,0.1179,Poor (<40%),Shopfloor-L3
Makino-L3-Unit1-2015,2022-02-04,5,2,February,2022,Shopfloor-L3,4,3,22047.0,24.029551135,26.53975,386.75,3.3674999999999997,0.25,0.7984,0.2562,0.0511,Poor (<40%),Shopfloor-L3
Makino-L3-Unit1-2015,2022-02-05,5,2,February,2022,Shopfloor-L3,3,0,17216.666666666668,34.82586337,19.26,362.3333333333333,2.9133333333333336,1.0,0.6235,0.6235,0.3887,Poor (<40%),Shopfloor-L3
Makino-L3-Unit1-2015,2022-02-06,5,2,February,2022,Shopfloor-L3,7,2,21988.85714285714,24.18981971285714,23.645285714285713,340.85714285714283,2.654285714285714,0.7143,0.7963,0.452,0.2571,Poor (<40%),Shopfloor-L3
Makino-L3-Unit1-2015,2022-02-07,6,2,February,2022,Shopfloor-L3,6,2,18231.833333333332,26.217510281666666,23.0355,332.6666666666667,2.4633333333333334,0.6667,0.6603,0.4497,0.1979,Poor (<40%),Shopfloor-L3
Makino-L3-Unit1-2015,2022-02-08,6,2,February,2022,Shopfloor-L3,6,4,20047.333333333332,25.907765135000002,25.784166666666664,360.5,2.5866666666666664,0.3333,0.726,0.2959,0.0716,Poor (<40%),Shopfloor-L3
Makino-L3-Unit1-2015,2022-02-09,6,2,February,2022,Shopfloor-L3,8,4,20474.125,21.176873134999997,22.039,343.0,2.62375,0.5,0.7415,0.4192,0.1554,Poor (<40%),Shopfloor-L3
Makino-L3-Unit1-2015,2022-02-10,6,2,February,2022,Shopfloor-L3,3,2,20637.666666666668,21.895807993333335,26.445000000000004,352.3333333333333,3.4299999999999997,0.3333,0.7474,0.283,0.0705,Poor (<40%),Shopfloor-L3
Makino-L3-Unit1-2015,2022-02-11,6,2,February,2022,Shopfloor-L3,8,5,21097.5,22.644310524999998,24.796875,326.625,2.99375,0.375,0.764,0.3277,0.0939,Poor (<40%),Shopfloor-L3
Makino-L3-Unit1-2015,2022-02-12,6,2,February,2022,Shopfloor-L3,8,2,21695.875,22.840399273750002,28.43475,360.0,2.8075,0.75,0.7857,0.3691,0.2175,Poor (<40%),Shopfloor-L3
Makino-L3-Unit1-2015,2022-02-13,6,2,February,2022,Shopfloor-L3,5,2,21702.8,22.12211606,27.0858,359.2,2.7600000000000002,0.6,0.786,0.3505,0.1653,Poor (<40%),Shopfloor-L3
Makino-L3-Unit1-2015,2022-02-14,7,2,February,2022,Shopfloor-L3,10,3,22726.9,28.202859635,25.1553,365.4,2.584,0.7,0.8231,0.4182,0.241,Poor (<40%),Shopfloor-L3
Makino-L3-Unit1-2015,2022-02-15,7,2,February,2022,Shopfloor-L3,5,3,17902.6,28.578941421999996,24.2272,392.4,2.6,0.4,0.6483,0.3464,0.0898,Poor (<40%),Shopfloor-L3
Makino-L3-Unit1-2015,2022-02-16,7,2,February,2022,Shopfloor-L3,9,8,22359.0,24.685985277777778,21.47277777777778,359.77777777777777,3.2155555555555555,0.1111,0.8097,0.3136,0.0282,Poor (<40%),Shopfloor-L3
Makino-L3-Unit1-2015,2022-02-17,7,2,February,2022,Shopfloor-L3,11,5,18921.636363636364,28.21576634090909,25.291363636363634,338.72727272727275,3.1627272727272726,0.5455,0.6852,0.3692,0.138,Poor (<40%),Shopfloor-L3
Makino-L3-Unit1-2015,2022-02-18,7,2,February,2022,Shopfloor-L3,12,7,22116.416666666668,28.59036930166667,21.836083333333335,330.5833333333333,3.015833333333333,0.4167,0.8009,0.3981,0.1329,Poor (<40%),Shopfloor-L3
Makino-L3-Unit1-2015,2022-02-19,7,2,February,2022,Shopfloor-L3,9,4,19770.222222222223,21.819523436666667,23.928777777777775,342.375,2.6122222222222224,0.5556,0.716,0.3989,0.1587,Poor (<40%),Shopfloor-L3
Makino-L3-Unit1-2015,2022-02-20,7,2,February,2022,Shopfloor-L3,11,5,21654.0,27.839964636363632,26.518090909090912,361.90909090909093,2.8918181818181816,0.5455,0.7842,0.3452,0.1477,Poor (<40%),Shopfloor-L3
Makino-L3-Unit1-2015,2022-02-21,8,2,February,2022,Shopfloor-L3,10,2,16787.8,22.411274427000002,25.5334,367.4,2.948,0.8,0.608,0.4408,0.2144,Poor (<40%),Shopfloor-L3
Makino-L3-Unit1-2015,2022-02-22,8,2,February,2022,Shopfloor-L3,15,6,20944.2,25.675976216,23.543333333333333,348.73333333333335,2.8040000000000003,0.6,0.7585,0.4197,0.191,Poor (<40%),Shopfloor-L3
Makino-L3-Unit1-2015,2022-02-23,8,2,February,2022,Shopfloor-L3,12,9,22582.916666666668,24.85399316666667,25.44241666666667,342.4166666666667,3.124166666666667,0.25,0.8178,0.2776,0.0568,Poor (<40%),Shopfloor-L3
Makino-L3-Unit1-2015,2022-02-24,8,2,February,2022,Shopfloor-L3,14,9,21385.428571428572,26.416334062857143,26.251714285714286,371.0,2.9269230769230767,0.3571,0.7745,0.2939,0.0813,Poor (<40%),Shopfloor-L3
Makino-L3-Unit1-2015,2022-02-25,8,2,February,2022,Shopfloor-L3,9,5,19026.11111111111,25.105805763333333,27.232666666666667,343.77777777777777,2.911111111111111,0.4444,0.689,0.301,0.0922,Poor (<40%),Shopfloor-L3
Makino-L3-Unit1-2015,2022-02-26,8,2,February,2022,Shopfloor-L3,4,3,20321.0,23.515287264999998,17.770500000000002,353.25,2.5525,0.25,0.7359,0.4276,0.0787,Poor (<40%),Shopfloor-L3
Makino-L3-Unit1-2015,2022-02-27,8,2,February,2022,Shopfloor-L3,5,3,21362.6,25.007203618,24.7436,358.2,3.3920000000000003,0.4,0.7736,0.3363,0.1041,Poor (<40%),Shopfloor-L3
Makino-L3-Unit1-2015,2022-02-28,9,2,February,2022,Shopfloor-L3,11,8,21580.454545454544,25.493561730909093,26.62781818181818,341.3636363636364,3.1318181818181823,0.2727,0.7815,0.2613,0.0557,Poor (<40%),Shopfloor-L3
Makino-L3-Unit1-2015,2022-03-01,9,3,March,2022,Shopfloor-L3,6,2,19425.666666666668,22.235820398333335,21.377,376.3333333333333,2.4499999999999997,0.6667,0.7035,0.4821,0.2261,Poor (<40%),Shopfloor-L3
Makino-L3-Unit1-2015,2022-03-02,9,3,March,2022,Shopfloor-L3,5,3,22087.4,20.012612252,29.285199999999996,377.0,2.284,0.4,0.7999,0.2475,0.0792,Poor (<40%),Shopfloor-L3
Makino-L3-Unit1-2015,2022-03-03,9,3,March,2022,Shopfloor-L3,8,3,22157.125,24.0737375525,29.790375,322.75,2.53625,0.625,0.8024,0.3051,0.153,Poor (<40%),Shopfloor-L3
Makino-L3-Unit1-2015,2022-03-04,9,3,March,2022,Shopfloor-L3,12,5,17888.75,25.683864755000002,25.820333333333334,342.9166666666667,2.796666666666667,0.5833,0.6478,0.3702,0.1399,Poor (<40%),Shopfloor-L3
Makino-L3-Unit1-2015,2022-03-05,9,3,March,2022,Shopfloor-L3,9,4,19515.0,25.80192477,28.209111111111113,318.6666666666667,2.3800000000000003,0.5556,0.7067,0.3152,0.1238,Poor (<40%),Shopfloor-L3
Makino-L3-Unit1-2015,2022-03-06,9,3,March,2022,Shopfloor-L3,11,6,22075.272727272728,23.117981665454547,24.531818181818185,366.1818181818182,3.0072727272727273,0.4545,0.7995,0.3568,0.1297,Poor (<40%),Shopfloor-L3
Makino-L3-Unit1-2015,2022-03-07,10,3,March,2022,Shopfloor-L3,9,2,18462.0,28.723573839999997,28.297777777777778,341.22222222222223,2.5444444444444443,0.7778,0.6686,0.3801,0.1977,Poor (<40%),Shopfloor-L3
Makino-L3-Unit1-2015,2022-03-08,10,3,March,2022,Shopfloor-L3,15,8,19249.4,22.38142485,23.907666666666668,339.6666666666667,2.393333333333333,0.4667,0.6971,0.3726,0.1212,Poor (<40%),Shopfloor-L3
Makino-L3-Unit1-2015,2022-03-09,10,3,March,2022,Shopfloor-L3,10,6,21957.6,27.513298769,24.9161,359.0,2.873333333333333,0.4,0.7952,0.3329,0.1059,Poor (<40%),Shopfloor-L3
Makino-L3-Unit1-2015,2022-03-10,10,3,March,2022,Shopfloor-L3,7,4,18735.571428571428,23.416769881428568,27.096,364.7142857142857,2.775714285714286,0.4286,0.6785,0.2989,0.0869,Poor (<40%),Shopfloor-L3
Makino-L3-Unit1-2015,2022-03-11,10,3,March,2022,Shopfloor-L3,16,10,21796.875,26.452853819375,25.045625,333.0,2.7775,0.375,0.7894,0.3229,0.0956,Poor (<40%),Shopfloor-L3
Makino-L3-Unit1-2015,2022-03-12,10,3,March,2022,Shopfloor-L3,7,7,22892.428571428572,26.943494064285716,22.584285714285716,341.42857142857144,3.46,0.0,0.829,0.2585,0.0,Poor (<40%),Shopfloor-L3
Makino-L3-Unit1-2015,2022-03-13,10,3,March,2022,Shopfloor-L3,11,8,20880.909090909092,25.548493054545453,22.88490909090909,323.8181818181818,2.859090909090909,0.2727,0.7562,0.3344,0.069,Poor (<40%),Shopfloor-L3
Makino-L3-Unit1-2015,2022-03-14,11,3,March,2022,Shopfloor-L3,13,6,19948.53846153846,26.450344310769232,24.94930769230769,329.84615384615387,2.6438461538461535,0.5385,0.7224,0.3738,0.1454,Poor (<40%),Shopfloor-L3
Makino-L3-Unit1-2015,2022-03-15,11,3,March,2022,Shopfloor-L3,20,9,16749.2,27.53523092842105,25.6558,362.8,2.9245,0.55,0.6066,0.3634,0.1213,Poor (<40%),Shopfloor-L3
Makino-L3-Unit1-2015,2022-03-16,11,3,March,2022,Shopfloor-L3,12,6,20328.333333333332,29.196506695833335,24.916166666666665,342.75,2.405,0.5,0.7362,0.3629,0.1336,Poor (<40%),Shopfloor-L3
Makino-L3-Unit1-2015,2022-03-17,11,3,March,2022,Shopfloor-L3,10,3,20637.3,24.165450732,27.520999999999997,354.2,2.549,0.7,0.7474,0.372,0.1946,Poor (<40%),Shopfloor-L3
Makino-L3-Unit1-2015,2022-03-18,11,3,March,2022,Shopfloor-L3,10,7,13099.7,24.458375323,28.1804,363.8,2.16,0.3,0.4744,0.2391,0.034,Poor (<40%),Shopfloor-L3
Makino-L3-Unit1-2015,2022-03-19,11,3,March,2022,Shopfloor-L3,19,8,16439.736842105263,27.17664782157895,26.86926315789474,351.36842105263156,2.360526315789474,0.5789,0.5954,0.3484,0.1201,Poor (<40%),Shopfloor-L3
Makino-L3-Unit1-2015,2022-03-20,11,3,March,2022,Shopfloor-L3,8,3,19999.875,24.848539000000002,26.332,324.125,2.85625,0.625,0.7243,0.3727,0.1687,Poor (<40%),Shopfloor-L3
Makino-L3-Unit1-2015,2022-03-21,12,3,March,2022,Shopfloor-L3,9,6,20293.11111111111,28.844887823333334,23.26011111111111,325.0,2.821111111111111,0.3333,0.7349,0.3453,0.0846,Poor (<40%),Shopfloor-L3
Makino-L3-Unit1-2015,2022-03-22,12,3,March,2022,Shopfloor-L3,18,4,18579.29411764706,27.727189945294118,24.29427777777778,372.3888888888889,2.892777777777778,0.7778,0.6728,0.4584,0.2399,Poor (<40%),Shopfloor-L3
Makino-L3-Unit1-2015,2022-03-23,12,3,March,2022,Shopfloor-L3,13,5,19504.615384615383,24.913987174615386,25.068615384615384,341.53846153846155,2.55,0.6154,0.7064,0.3945,0.1715,Poor (<40%),Shopfloor-L3
Makino-L3-Unit1-2015,2022-03-24,12,3,March,2022,Shopfloor-L3,9,5,21876.666666666668,31.143837861111113,22.961222222222222,351.3333333333333,2.6755555555555555,0.4444,0.7923,0.3845,0.1354,Poor (<40%),Shopfloor-L3
Makino-L3-Unit1-2015,2022-03-25,12,3,March,2022,Shopfloor-L3,9,3,19486.88888888889,30.72003560875,26.102444444444444,367.1111111111111,2.6166666666666667,0.6667,0.7057,0.3897,0.1834,Poor (<40%),Shopfloor-L3
Makino-L3-Unit1-2015,2022-03-26,12,3,March,2022,Shopfloor-L3,7,5,22539.0,29.487806194285717,28.50957142857143,346.14285714285717,2.9585714285714286,0.2857,0.8162,0.2284,0.0533,Poor (<40%),Shopfloor-L3
Makino-L3-Unit1-2015,2022-03-27,12,3,March,2022,Shopfloor-L3,13,8,20561.76923076923,24.351941770769233,23.345000000000002,336.84615384615387,3.046923076923077,0.3846,0.7446,0.359,0.1028,Poor (<40%),Shopfloor-L3
Makino-L3-Unit1-2015,2022-03-28,13,3,March,2022,Shopfloor-L3,15,10,20008.133333333335,25.842402290666666,25.207933333333337,355.2,2.81,0.3333,0.7246,0.3072,0.0742,Poor (<40%),Shopfloor-L3
Makino-L3-Unit1-2015,2022-03-29,13,3,March,2022,Shopfloor-L3,9,4,22812.333333333332,25.62105472333333,21.301000000000002,343.22222222222223,2.6888888888888887,0.5556,0.8261,0.4502,0.2067,Poor (<40%),Shopfloor-L3
Makino-L3-Unit1-2015,2022-03-30,13,3,March,2022,Shopfloor-L3,9,4,19738.222222222223,20.70607877333333,26.470333333333333,338.55555555555554,2.5633333333333335,0.5556,0.7148,0.3492,0.1387,Poor (<40%),Shopfloor-L3
Makino-L3-Unit1-2015,2022-03-31,13,3,March,2022,Shopfloor-L3,14,8,19926.714285714286,26.201595174999998,27.510928571428572,341.07142857142856,3.15,0.4286,0.7216,0.2908,0.0899,Poor (<40%),Shopfloor-L3
Makino-L3-Unit1-2015,2022-04-01,13,4,April,2022,Shopfloor-L3,3,1,19818.666666666668,24.58794696,26.95266666666667,335.0,2.75,0.6667,0.7177,0.3731,0.1785,Poor (<40%),Shopfloor-L3
Makino-L3-Unit1-2015,2022-04-02,13,4,April,2022,Shopfloor-L3,16,8,19642.6875,27.418763385625,28.526875,344.25,2.98375,0.5,0.7114,0.2923,0.104,Poor (<40%),Shopfloor-L3
Makino-L3-Unit1-2015,2022-04-03,13,4,April,2022,Shopfloor-L3,9,6,21684.0,25.539320566666667,24.948666666666668,367.44444444444446,2.645555555555555,0.3333,0.7853,0.3123,0.0817,Poor (<40%),Shopfloor-L3
Makino-L3-Unit1-2015,2022-04-04,14,4,April,2022,Shopfloor-L3,11,8,21291.090909090908,21.139261193636365,24.488363636363637,355.45454545454544,2.895454545454545,0.2727,0.7711,0.3031,0.0637,Poor (<40%),Shopfloor-L3
Makino-L3-Unit1-2015,2022-04-05,14,4,April,2022,Shopfloor-L3,11,7,20851.272727272728,22.519378034545454,23.505090909090907,350.54545454545456,2.9745454545454546,0.3636,0.7551,0.3496,0.096,Poor (<40%),Shopfloor-L3
Makino-L3-Unit1-2015,2022-04-06,14,4,April,2022,Shopfloor-L3,8,3,17828.5,25.64273323,24.97025,344.75,2.7337499999999997,0.625,0.6457,0.3994,0.1612,Poor (<40%),Shopfloor-L3
Makino-L3-Unit1-2015,2022-04-07,14,4,April,2022,Shopfloor-L3,7,5,21819.571428571428,22.764720934285716,29.612428571428573,358.42857142857144,2.5685714285714285,0.2857,0.7902,0.2068,0.0467,Poor (<40%),Shopfloor-L3
Makino-L3-Unit1-2015,2022-04-08,14,4,April,2022,Shopfloor-L3,3,2,21619.0,23.598641793333332,30.45266666666667,370.6666666666667,2.7433333333333336,0.3333,0.7829,0.2047,0.0534,Poor (<40%),Shopfloor-L3
Makino-L3-Unit1-2015,2022-04-09,14,4,April,2022,Shopfloor-L3,5,2,20354.4,24.113799438,28.6224,395.0,2.768,0.6,0.7371,0.3205,0.1417,Poor (<40%),Shopfloor-L3
Makino-L3-Unit1-2015,2022-04-10,14,4,April,2022,Shopfloor-L3,3,3,24110.666666666668,22.932088373333332,34.04633333333333,331.6666666666667,2.936666666666666,0.0,0.8732,0.0344,0.0,Poor (<40%),Shopfloor-L3
Makino-L3-Unit1-2015,2022-04-11,15,4,April,2022,Shopfloor-L3,6,1,19753.5,25.215646473333333,19.293166666666668,345.8333333333333,2.4566666666666666,0.8333,0.7154,0.5728,0.3415,Poor (<40%),Shopfloor-L3
Makino-L3-Unit1-2015,2022-04-12,15,4,April,2022,Shopfloor-L3,3,1,17983.333333333332,23.933229363333336,28.065,344.0,2.5066666666666664,0.6667,0.6513,0.3514,0.1525,Poor (<40%),Shopfloor-L3
Makino-L3-Unit1-2015,2022-04-13,15,4,April,2022,Shopfloor-L3,5,3,22860.4,26.714809076,29.1272,319.8,2.934,0.4,0.8279,0.2506,0.083,Poor (<40%),Shopfloor-L3
Makino-L3-Unit1-2015,2022-04-14,15,4,April,2022,Shopfloor-L3,4,1,21693.75,28.2653945225,28.67575,370.25,2.3575,0.75,0.7856,0.3644,0.2147,Poor (<40%),Shopfloor-L3
Makino-L3-Unit1-2015,2022-04-15,15,4,April,2022,Shopfloor-L3,5,3,19323.4,23.772585,21.6278,349.6,2.32,0.4,0.6998,0.3972,0.1112,Poor (<40%),Shopfloor-L3
Makino-L3-Unit1-2015,2022-04-16,15,4,April,2022,Shopfloor-L3,7,3,19879.0,25.594946888571428,25.398714285714284,320.85714285714283,2.7485714285714287,0.5714,0.7199,0.3749,0.1542,Poor (<40%),Shopfloor-L3
Makino-L3-Unit1-2015,2022-04-17,15,4,April,2022,Shopfloor-L3,4,0,16702.5,31.732635600000002,29.8775,332.75,2.8925,1.0,0.6049,0.4159,0.2516,Poor (<40%),Shopfloor-L3
Makino-L3-Unit1-2015,2022-04-18,16,4,April,2022,Shopfloor-L3,5,3,18938.4,20.633346894,22.5594,330.8,3.148,0.4,0.6859,0.379,0.104,Poor (<40%),Shopfloor-L3
Makino-L3-Unit1-2015,2022-04-19,16,4,April,2022,Shopfloor-L3,4,3,21653.75,28.223790027499998,31.4115,379.0,2.665,0.25,0.7842,0.1609,0.0315,Poor (<40%),Shopfloor-L3
Makino-L3-Unit1-2015,2022-04-20,16,4,April,2022,Shopfloor-L3,2,2,18143.5,21.622762690000002,30.444000000000003,402.0,2.66,0.0,0.6571,0.1048,0.0,Poor (<40%),Shopfloor-L3
Makino-L3-Unit1-2015,2022-04-21,16,4,April,2022,Shopfloor-L3,1,1,17919.0,17.89931102,20.344,299.0,2.64,0.0,0.6489,0.3023,0.0,Poor (<40%),Shopfloor-L3
Makino-L3-Unit1-2015,2022-04-22,16,4,April,2022,Shopfloor-L3,8,5,22494.0,26.118844802857147,23.7375,364.625,2.495,0.375,0.8146,0.3484,0.1064,Poor (<40%),Shopfloor-L3
Makino-L3-Unit1-2015,2022-04-23,16,4,April,2022,Shopfloor-L3,4,2,20784.5,27.48782648,27.5135,299.5,2.9875,0.5,0.7527,0.3121,0.1175,Poor (<40%),Shopfloor-L3
Makino-L3-Unit1-2015,2022-04-24,16,4,April,2022,Shopfloor-L3,3,0,20592.0,30.89802481,19.625666666666667,358.6666666666667,2.38,1.0,0.7457,0.6163,0.4596,Needs Improvement (40–64%),Shopfloor-L3
Makino-L3-Unit1-2015,2022-04-25,17,4,April,2022,Shopfloor-L3,7,2,20462.714285714286,31.360469172857144,28.23185714285714,364.57142857142856,2.89,0.7143,0.7411,0.3624,0.1918,Poor (<40%),Shopfloor-L3
Makino-L3-Unit1-2015,2022-04-26,17,4,April,2022,Shopfloor-L3,1,0,20440.0,33.35626223,23.926,381.0,2.01,1.0,0.7402,0.5323,0.394,Poor (<40%),Shopfloor-L3
Makino-L3-Unit1-2015,2022-04-27,17,4,April,2022,Shopfloor-L3,6,5,21845.833333333332,27.023571129999997,29.706500000000002,364.8333333333333,3.061666666666667,0.1667,0.7911,0.1693,0.0223,Poor (<40%),Shopfloor-L3
Makino-L3-Unit1-2015,2022-04-28,17,4,April,2022,Shopfloor-L3,3,1,22837.0,24.11314501,28.395666666666667,364.3333333333333,2.53,0.6667,0.827,0.3449,0.1902,Poor (<40%),Shopfloor-L3
Makino-L3-Unit1-2015,2022-04-29,17,4,April,2022,Shopfloor-L3,2,2,23554.5,16.175135295,23.267000000000003,370.5,3.7,0.0,0.853,0.2451,0.0,Poor (<40%),Shopfloor-L3
Makino-L3-Unit1-2015,2022-04-30,17,4,April,2022,Shopfloor-L3,2,0,17697.5,27.460370140000002,20.493499999999997,437.5,1.95,1.0,0.6409,0.5994,0.3841,Poor (<40%),Shopfloor-L3
Makino-L3-Unit1-2015,2022-05-01,17,5,May,2022,Shopfloor-L3,4,1,18480.0,25.7316691275,26.53175,368.25,2.545,0.75,0.6692,0.4063,0.2039,Poor (<40%),Shopfloor-L3
Makino-L3-Unit1-2015,2022-05-02,18,5,May,2022,Shopfloor-L3,1,1,18445.0,25.88246137,15.965,352.0,3.55,0.0,0.668,0.3879,0.0,Poor (<40%),Shopfloor-L3
Makino-L3-Unit1-2015,2022-05-03,18,5,May,2022,Shopfloor-L3,4,3,20784.75,20.011646657500002,25.394,350.0,2.8825000000000003,0.25,0.7527,0.2786,0.0524,Poor (<40%),Shopfloor-L3
Makino-L3-Unit1-2015,2022-05-04,18,5,May,2022,Shopfloor-L3,3,1,19846.333333333332,26.815647099999996,24.268333333333334,310.0,2.1766666666666663,0.6667,0.7187,0.4256,0.2039,Poor (<40%),Shopfloor-L3
Makino-L3-Unit1-2015,2022-05-05,18,5,May,2022,Shopfloor-L3,1,0,20766.0,32.51929855,20.99,364.0,3.01,1.0,0.752,0.5897,0.4434,Needs Improvement (40–64%),Shopfloor-L3
Makino-L3-Unit1-2015,2022-05-06,18,5,May,2022,Shopfloor-L3,4,0,19052.75,28.737293556666668,22.131,385.0,2.4275,1.0,0.69,0.5674,0.3915,Poor (<40%),Shopfloor-L3
Makino-L3-Unit1-2015,2022-05-07,18,5,May,2022,Shopfloor-L3,2,2,24480.0,25.936598959999998,32.842,335.0,2.56,0.0,0.8865,0.058,0.0,Poor (<40%),Shopfloor-L3
Makino-L3-Unit1-2015,2022-05-09,19,5,May,2022,Shopfloor-L3,1,0,15217.0,35.58033366,35.036,381.0,1.85,1.0,0.5511,0.3151,0.1736,Poor (<40%),Shopfloor-L3
Makino-L3-Unit1-2015,2022-05-10,19,5,May,2022,Shopfloor-L3,1,0,20777.0,35.58033366,30.585,316.0,2.0,1.0,0.7524,0.4021,0.3025,Poor (<40%),Shopfloor-L3
Makino-L3-Unit1-2015,2022-05-12,19,5,May,2022,Shopfloor-L3,3,2,19184.333333333332,24.955709213333336,24.865333333333336,342.0,2.986666666666667,0.3333,0.6948,0.3139,0.0727,Poor (<40%),Shopfloor-L3
Makino-L3-Unit1-2015,2022-05-14,19,5,May,2022,Shopfloor-L3,1,1,21951.0,17.89931102,26.962,416.0,2.55,0.0,0.795,0.1729,0.0,Poor (<40%),Shopfloor-L3
Makino-L3-Unit1-2015,2022-05-16,20,5,May,2022,Shopfloor-L3,2,1,15879.5,24.489702565,31.2205,369.5,3.2649999999999997,0.5,0.5751,0.2397,0.0689,Poor (<40%),Shopfloor-L3
Makino-L3-Unit1-2015,2022-05-19,20,5,May,2022,Shopfloor-L3,1,0,19197.0,33.92336502,31.644,328.0,2.01,1.0,0.6952,0.3814,0.2651,Poor (<40%),Shopfloor-L3
Makino-L3-Unit1-2015,2022-05-21,20,5,May,2022,Shopfloor-L3,1,1,23432.0,14.20288973,19.505,305.0,2.45,0.0,0.8486,0.3187,0.0,Poor (<40%),Shopfloor-L3
Makino-L3-Unit1-2015,2022-05-23,21,5,May,2022,Shopfloor-L3,1,0,20698.0,35.5812209,27.61,287.0,2.88,1.0,0.7496,0.4602,0.345,Poor (<40%),Shopfloor-L3
Makino-L3-Unit1-2015,2022-05-27,21,5,May,2022,Shopfloor-L3,1,0,17726.0,30.51400825,23.497,383.0,3.0,1.0,0.6419,0.5407,0.3471,Poor (<40%),Shopfloor-L3
Makino-L3-Unit1-2015,2022-05-29,21,5,May,2022,Shopfloor-L3,1,1,18463.0,15.1197393,16.591,369.0,3.67,0.0,0.6686,0.3757,0.0,Poor (<40%),Shopfloor-L3
Makino-L3-Unit1-2015,2022-06-06,23,6,June,2022,Shopfloor-L3,1,0,14152.0,31.62033518,35.7,406.0,1.91,1.0,0.5125,0.3021,0.1548,Poor (<40%),Shopfloor-L3
Makino-L3-Unit1-2015,2022-06-07,23,6,June,2022,Shopfloor-L3,1,0,20677.0,23.0885525,22.951,333.0,2.95,1.0,0.7488,0.5513,0.4128,Needs Improvement (40–64%),Shopfloor-L3
